Date,Store,Holiday_Flag,Weekly_Sales,Predicted,Residual,Abs_Error
2012-04-20,1,0,1521577.87,1697946.2,-176368.3799999999,176368.3799999999
2012-04-27,1,0,1468928.37,1614170.1,-145241.7549999999,145241.7549999999
2012-05-04,1,0,1684519.99,1687064.9,-2544.8850000000093,2544.8850000000093
2012-05-11,1,0,1611096.05,1691831.0,-80734.94999999995,80734.94999999995
2012-05-18,1,0,1595901.87,1668717.9,-72816.00499999989,72816.00499999989
2012-05-25,1,0,1555444.55,1681918.4,-126473.82499999995,126473.82499999995
2012-06-01,1,0,1624477.58,1742257.2,-117779.66999999993,117779.66999999993
2012-06-08,1,0,1697230.96,1724564.8,-27333.790000000037,27333.790000000037
2012-06-15,1,0,1630607.0,1720884.1,-90277.125,90277.125
2012-06-22,1,0,1527845.81,1683788.4,-155942.56499999994,155942.56499999994
2012-06-29,1,0,1540421.49,1669157.8,-128736.26000000001,128736.26000000001
2012-07-06,1,0,1769854.16,1705908.6,63945.534999999916,63945.534999999916
2012-07-13,1,0,1527014.04,1668547.8,-141533.70999999996,141533.70999999996
2012-07-20,1,0,1497954.76,1647161.0,-149206.24,149206.24
2012-07-27,1,0,1439123.71,1631438.6,-192314.91500000004,192314.91500000004
2012-08-03,1,0,1631135.79,1708678.2,-77542.45999999996,77542.45999999996
2012-08-10,1,0,1592409.97,1677128.1,-84718.15500000003,84718.15500000003
2012-08-17,1,0,1597868.05,1684310.6,-86442.57499999995,86442.57499999995
2012-08-24,1,0,1494122.38,1693131.6,-199009.2450000001,199009.2450000001
2012-08-31,1,0,1582083.4,1693373.1,-111289.7250000001,111289.7250000001
2012-09-07,1,1,1661767.33,1698727.5,-36960.169999999925,36960.169999999925
2012-09-14,1,0,1517428.87,1633463.2,-116034.37999999989,116034.37999999989
2012-09-21,1,0,1506126.06,1615721.2,-109595.18999999994,109595.18999999994
2012-09-28,1,0,1437059.26,1587115.0,-150055.74,150055.74
2012-10-05,1,0,1670785.97,1467122.1,203663.84499999997,203663.84499999997
2012-10-12,1,0,1573072.81,1444060.2,129012.56000000006,129012.56000000006
2012-10-19,1,0,1508068.77,1421461.2,86607.52000000002,86607.52000000002
2012-10-26,1,0,1493659.74,1433024.5,60635.23999999999,60635.23999999999
2012-04-20,2,0,1847344.45,1967670.5,-120326.05000000005,120326.05000000005
2012-04-27,2,0,1764133.09,1894251.2,-130118.15999999992,130118.15999999992
2012-05-04,2,0,1923957.09,1949320.4,-25363.284999999916,25363.284999999916
2012-05-11,2,0,1917520.99,1952155.4,-34634.38500000001,34634.38500000001
2012-05-18,2,0,2000940.67,1935838.9,65101.794999999925,65101.794999999925
2012-05-25,2,0,1912791.09,1953108.9,-40317.784999999916,40317.784999999916
2012-06-01,2,0,1910092.37,2003116.9,-93024.50499999989,93024.50499999989
2012-06-08,2,0,2010216.49,1984500.4,25716.11499999999,25716.11499999999
2012-06-15,2,0,1962924.3,1987300.1,-24375.824999999953,24375.824999999953
2012-06-22,2,0,1887733.21,1966049.4,-78316.16500000004,78316.16500000004
2012-06-29,2,0,1881046.12,1950606.8,-69560.62999999989,69560.62999999989
2012-07-06,2,0,2041507.4,1689136.8,352370.6499999999,352370.6499999999
2012-07-13,2,0,1830075.13,1653499.6,176575.5049999999,176575.5049999999
2012-07-20,2,0,1819666.46,1649296.9,170369.58499999996,170369.58499999996
2012-07-27,2,0,1757923.88,1620517.6,137406.2549999999,137406.2549999999
2012-08-03,2,0,1946104.64,1673042.6,273062.0149999999,273062.0149999999
2012-08-10,2,0,1866719.96,1661273.1,205446.83499999996,205446.83499999996
2012-08-17,2,0,1928016.01,1673631.0,254385.01,254385.01
2012-08-24,2,0,1876788.15,1675063.2,201724.8999999999,201724.8999999999
2012-08-31,2,0,1947083.3,1680471.4,266611.92500000005,266611.92500000005
2012-09-07,2,1,1898777.07,1673426.4,225350.69500000007,225350.69500000007
2012-09-14,2,0,1814806.63,1611681.2,203125.3799999999,203125.3799999999
2012-09-21,2,0,1829415.67,1621644.9,207770.79499999993,207770.79499999993
2012-09-28,2,0,1746470.56,1598195.2,148275.31000000006,148275.31000000006
2012-10-05,2,0,1998321.04,1663156.0,335165.04000000004,335165.04000000004
2012-10-12,2,0,1900745.13,1648919.5,251825.6299999999,251825.6299999999
2012-10-19,2,0,1847990.41,1615563.1,232427.28499999992,232427.28499999992
2012-10-26,2,0,1834458.35,1637458.0,197000.3500000001,197000.3500000001
2012-04-20,3,0,434822.13,472382.9,-37560.776249999995,37560.776249999995
2012-04-27,3,0,394616.11,436295.4,-41679.296250000014,41679.296250000014
2012-05-04,3,0,439913.57,457706.75,-17793.179999999993,17793.179999999993
2012-05-11,3,0,431985.36,452193.8,-20208.452500000014,20208.452500000014
2012-05-18,3,0,418112.76,432305.28,-14192.52124999999,14192.52124999999
2012-05-25,3,0,413701.29,461787.28,-48085.99125000002,48085.99125000002
2012-06-01,3,0,432268.53,498720.25,-66451.71999999997,66451.71999999997
2012-06-08,3,0,446336.8,482692.2,-36355.38750000001,36355.38750000001
2012-06-15,3,0,442074.79,473868.44,-31793.64750000002,31793.64750000002
2012-06-22,3,0,419497.95,462191.44,-42693.48749999999,42693.48749999999
2012-06-29,3,0,422965.33,455951.28,-32985.951249999984,32985.951249999984
2012-07-06,3,0,411206.5,423695.44,-12488.9375,12488.9375
2012-07-13,3,0,416913.1,390872.0,26041.099999999977,26041.099999999977
2012-07-20,3,0,432424.85,382288.75,50136.09999999998,50136.09999999998
2012-07-27,3,0,389427.9,361450.66,27977.243750000023,27977.243750000023
2012-08-03,3,0,419990.29,428360.34,-8370.053750000021,8370.053750000021
2012-08-10,3,0,391811.6,411652.7,-19841.087500000023,19841.087500000023
2012-08-17,3,0,394918.83,416109.2,-21190.357499999984,21190.357499999984
2012-08-24,3,0,412449.67,421451.1,-9001.423750000016,9001.423750000016
2012-08-31,3,0,408838.73,412542.88,-3704.1450000000186,3704.1450000000186
2012-09-07,3,1,408229.73,399751.34,8478.386249999981,8478.386249999981
2012-09-14,3,0,407589.16,374013.3,33575.847499999974,33575.847499999974
2012-09-21,3,0,414392.09,356617.38,57774.715000000026,57774.715000000026
2012-09-28,3,0,389813.02,342686.6,47126.42625000002,47126.42625000002
2012-10-05,3,0,443557.65,516542.28,-72984.63124999998,72984.63124999998
2012-10-12,3,0,410804.39,484030.8,-73226.42249999999,73226.42249999999
2012-10-19,3,0,424513.08,505937.22,-81424.13874999998,81424.13874999998
2012-10-26,3,0,405432.7,486488.2,-81055.48749999999,81055.48749999999
2012-04-20,4,0,2144336.89,2218791.8,-74454.85999999987,74454.85999999987
2012-04-27,4,0,2064065.66,2120181.0,-56115.340000000084,56115.340000000084
2012-05-04,4,0,2196968.33,2169999.5,26968.830000000075,26968.830000000075
2012-05-11,4,0,2127661.17,2236058.0,-108396.83000000007,108396.83000000007
2012-05-18,4,0,2207214.81,2173875.2,33339.560000000056,33339.560000000056
2012-05-25,4,0,2154137.67,2181664.2,-27526.580000000075,27526.580000000075
2012-06-01,4,0,2179360.94,2223014.5,-43653.560000000056,43653.560000000056
2012-06-08,4,0,2245257.18,2211058.8,34198.43000000017,34198.43000000017
2012-06-15,4,0,2234190.93,2205717.0,28473.930000000168,28473.930000000168
2012-06-22,4,0,2197299.65,2169373.8,27925.899999999907,27925.899999999907
2012-06-29,4,0,2128362.92,2174726.8,-46363.830000000075,46363.830000000075
2012-07-06,4,0,2224499.28,2193246.8,31252.529999999795,31252.529999999795
2012-07-13,4,0,2100252.61,2140753.8,-40501.14000000013,40501.14000000013
2012-07-20,4,0,2175563.69,2142943.5,32620.189999999944,32620.189999999944
2012-07-27,4,0,2048613.65,2144515.8,-95902.1000000001,95902.1000000001
2012-08-03,4,0,2174514.13,2218786.2,-44272.12000000011,44272.12000000011
2012-08-10,4,0,2193367.69,2200410.8,-7043.060000000056,7043.060000000056
2012-08-17,4,0,2283540.3,2201814.0,81726.29999999981,81726.29999999981
2012-08-24,4,0,2125241.68,2176452.8,-51211.06999999983,51211.06999999983
2012-08-31,4,0,2081181.35,2177392.0,-96210.6499999999,96210.6499999999
2012-09-07,4,1,2125104.72,2212234.0,-87129.2799999998,87129.2799999998
2012-09-14,4,0,2117854.6,2124061.5,-6206.899999999907,6206.899999999907
2012-09-21,4,0,2119438.53,2083340.9,36097.654999999795,36097.654999999795
2012-09-28,4,0,2027620.23,2069561.6,-41941.39500000002,41941.39500000002
2012-10-05,4,0,2209835.43,2250638.8,-40803.31999999983,40803.31999999983
2012-10-12,4,0,2133026.07,2171674.0,-38647.93000000017,38647.93000000017
2012-10-19,4,0,2097266.85,2221913.5,-124646.6499999999,124646.6499999999
2012-10-26,4,0,2149594.46,2210397.0,-60802.54000000004,60802.54000000004
2012-04-20,5,0,330063.06,405085.84,-75022.78375,75022.78375
2012-04-27,5,0,324839.74,335990.47,-11150.72875000001,11150.72875000001
2012-05-04,5,0,360932.69,390785.5,-29852.809999999998,29852.809999999998
2012-05-11,5,0,333870.52,387237.75,-53367.22999999998,53367.22999999998
2012-05-18,5,0,336189.66,355392.94,-19203.277500000026,19203.277500000026
2012-05-25,5,0,341994.48,409631.47,-67636.98875000002,67636.98875000002
2012-06-01,5,0,359867.8,447648.9,-87781.10625000001,87781.10625000001
2012-06-08,5,0,341704.59,428876.78,-87172.19124999997,87172.19124999997
2012-06-15,5,0,327383.64,424209.8,-96826.17249999999,96826.17249999999
2012-06-22,5,0,325041.68,402858.88,-77817.195,77817.195
2012-06-29,5,0,329658.1,524234.22,-194576.11875000002,194576.11875000002
2012-07-06,5,0,341214.43,572284.6,-231070.195,231070.195
2012-07-13,5,0,316203.64,542707.1,-226503.485,226503.485
2012-07-20,5,0,321205.12,531532.44,-210327.3175,210327.3175
2012-07-27,5,0,306827.36,512832.5,-206005.14,206005.14
2012-08-03,5,0,324195.17,583646.75,-259451.58000000002,259451.58000000002
2012-08-10,5,0,306759.7,561734.7,-254974.9875,254974.9875
2012-08-17,5,0,314014.18,575354.06,-261339.8825,261339.8825
2012-08-24,5,0,320831.36,575316.1,-254484.765,254484.765
2012-08-31,5,0,344642.01,576479.5,-231837.49,231837.49
2012-09-07,5,1,350648.91,552398.44,-201749.52750000003,201749.52750000003
2012-09-14,5,0,299800.67,491457.78,-191657.11125000002,191657.11125000002
2012-09-21,5,0,307306.76,490115.38,-182808.615,182808.615
2012-09-28,5,0,310141.68,476122.97,-165981.28875,165981.28875
2012-10-05,5,0,343048.29,551393.5,-208345.21000000002,208345.21000000002
2012-10-12,5,0,325345.41,468063.72,-142718.30875000003,142718.30875000003
2012-10-19,5,0,313358.15,467347.25,-153989.09999999998,153989.09999999998
2012-10-26,5,0,319550.77,512006.03,-192455.26124999998,192455.26124999998
2012-04-20,6,0,1456073.24,1542563.2,-86490.01000000001,86490.01000000001
2012-04-27,6,0,1456221.1,1561441.5,-105220.3999999999,105220.3999999999
2012-05-04,6,0,1543461.12,1575936.2,-32475.12999999989,32475.12999999989
2012-05-11,6,0,1517075.67,1574119.8,-57044.080000000075,57044.080000000075
2012-05-18,6,0,1513635.64,1531272.8,-17637.110000000102,17637.110000000102
2012-05-25,6,0,1603793.42,1585924.0,17869.419999999925,17869.419999999925
2012-06-01,6,0,1681121.38,1639091.8,42029.62999999989,42029.62999999989
2012-06-08,6,0,1696619.52,1620947.5,75672.02000000002,75672.02000000002
2012-06-15,6,0,1642247.48,1620992.1,21255.35499999998,21255.35499999998
2012-06-22,6,0,1618272.25,1589391.8,28880.5,28880.5
2012-06-29,6,0,1648863.46,1597103.0,51760.45999999996,51760.45999999996
2012-07-06,6,0,1876359.39,1528563.0,347796.3899999999,347796.3899999999
2012-07-13,6,0,1588142.26,1477172.1,110970.13500000001,110970.13500000001
2012-07-20,6,0,1574361.97,1465854.1,108507.84499999997,108507.84499999997
2012-07-27,6,0,1513229.16,1456837.5,56391.659999999916,56391.659999999916
2012-08-03,6,0,1627274.93,1524499.4,102775.55499999993,102775.55499999993
2012-08-10,6,0,1588380.73,1499859.4,88521.35499999998,88521.35499999998
2012-08-17,6,0,1543049.52,1500477.6,42571.89500000002,42571.89500000002
2012-08-24,6,0,1501095.49,1499280.4,1815.1149999999907,1815.1149999999907
2012-08-31,6,0,1577439.81,1499521.9,77917.93500000006,77917.93500000006
2012-09-07,6,1,1608077.01,1467437.2,140639.76,140639.76
2012-09-14,6,0,1375166.86,1412939.2,-37772.3899999999,37772.3899999999
2012-09-21,6,0,1425603.65,1411488.6,14115.024999999907,14115.024999999907
2012-09-28,6,0,1369131.46,1391559.0,-22427.540000000037,22427.540000000037
2012-10-05,6,0,1518177.71,1431210.8,86966.95999999996,86966.95999999996
2012-10-12,6,0,1459396.84,1349739.8,109657.09000000008,109657.09000000008
2012-10-19,6,0,1436883.99,1356338.5,80545.48999999999,80545.48999999999
2012-10-26,6,0,1431426.34,1394712.2,36714.090000000084,36714.090000000084
2012-04-20,7,0,457340.06,898875.0,-441534.94,441534.94
2012-04-27,7,0,467827.75,972674.06,-504846.3125,504846.3125
2012-05-04,7,0,465198.89,724046.7,-258847.7975,258847.7975
2012-05-11,7,0,460397.41,849413.4,-389015.965,389015.965
2012-05-18,7,0,468428.3,700905.4,-232477.075,232477.075
2012-05-25,7,0,532739.77,704523.7,-171783.91749999998,171783.91749999998
2012-06-01,7,0,598495.02,765460.2,-166965.16749999998,166965.16749999998
2012-06-08,7,0,642963.75,784996.8,-142033.0625,142033.0625
2012-06-15,7,0,666942.02,796786.0,-129843.97999999998,129843.97999999998
2012-06-22,7,0,687344.68,787312.75,-99968.06999999995,99968.06999999995
2012-06-29,7,0,704335.41,792540.9,-88205.46499999997,88205.46499999997
2012-07-06,7,0,805642.61,840692.06,-35049.452500000014,35049.452500000014
2012-07-13,7,0,694150.89,788021.0,-93870.10999999999,93870.10999999999
2012-07-20,7,0,686345.69,795735.7,-109389.99750000006,109389.99750000006
2012-07-27,7,0,686365.4,772693.3,-86327.91249999998,86327.91249999998
2012-08-03,7,0,680954.81,823348.2,-142393.37749999994,142393.37749999994
2012-08-10,7,0,675926.3,796777.44,-120851.13749999995,120851.13749999995
2012-08-17,7,0,642450.4,798874.2,-156423.78749999998,156423.78749999998
2012-08-24,7,0,609099.37,797483.6,-188384.255,188384.255
2012-08-31,7,0,586467.16,799418.44,-212951.27749999997,212951.27749999997
2012-09-07,7,1,597876.55,825955.2,-228078.63749999995,228078.63749999995
2012-09-14,7,0,541120.2,725864.5,-184744.30000000005,184744.30000000005
2012-09-21,7,0,530842.25,661860.44,-131018.1875,131018.1875
2012-09-28,7,0,525545.76,662571.94,-137026.1775,137026.1775
2012-10-05,7,0,505830.56,743009.0,-237178.44,237178.44
2012-10-12,7,0,503463.93,628837.5,-125373.57,125373.57
2012-10-19,7,0,516424.83,653685.2,-137260.35749999998,137260.35749999998
2012-10-26,7,0,495543.28,682804.8,-187261.53249999997,187261.53249999997
2012-04-20,8,0,872288.46,960076.7,-87788.22750000004,87788.22750000004
2012-04-27,8,0,879448.25,941147.3,-61699.0625,61699.0625
2012-05-04,8,0,937232.09,997416.94,-60184.84750000003,60184.84750000003
2012-05-11,8,0,920128.89,924111.94,-3983.047499999986,3983.047499999986
2012-05-18,8,0,913922.01,911660.56,2261.4475000000093,2261.4475000000093
2012-05-25,8,0,895157.44,998745.9,-103588.43500000006,103588.43500000006
2012-06-01,8,0,921161.2,1046303.0,-125141.80000000005,125141.80000000005
2012-06-08,8,0,928820.0,1022586.0,-93766.0,93766.0
2012-06-15,8,0,916918.7,1014731.25,-97812.55000000005,97812.55000000005
2012-06-22,8,0,899449.65,997979.9,-98530.22499999998,98530.22499999998
2012-06-29,8,0,878298.22,997972.9,-119674.65500000003,119674.65500000003
2012-07-06,8,0,936205.5,1037694.06,-101488.5625,101488.5625
2012-07-13,8,0,890488.01,1005816.44,-115328.42749999999,115328.42749999999
2012-07-20,8,0,888834.07,995929.1,-107095.05500000005,107095.05500000005
2012-07-27,8,0,838227.52,986240.4,-148012.85499999998,148012.85499999998
2012-08-03,8,0,897076.73,1055526.6,-158449.89500000002,158449.89500000002
2012-08-10,8,0,930745.69,1035056.7,-104310.99750000006,104310.99750000006
2012-08-17,8,0,896613.19,1033979.3,-137366.12250000006,137366.12250000006
2012-08-24,8,0,936373.65,1030843.8,-94470.16249999998,94470.16249999998
2012-08-31,8,0,976137.73,1029014.1,-52876.39500000002,52876.39500000002
2012-09-07,8,1,932160.37,1022488.3,-90327.9425,90327.9425
2012-09-14,8,0,883569.38,909552.25,-25982.869999999995,25982.869999999995
2012-09-21,8,0,857796.45,892707.6,-34911.17500000005,34911.17500000005
2012-09-28,8,0,884724.41,948103.0,-63378.58999999997,63378.58999999997
2012-10-05,8,0,976436.02,1003178.5,-26742.47999999998,26742.47999999998
2012-10-12,8,0,927511.99,962988.9,-35476.88500000001,35476.88500000001
2012-10-19,8,0,900309.75,999168.1,-98858.375,98858.375
2012-10-26,8,0,891671.44,983061.94,-91390.49750000006,91390.49750000006
2012-04-20,9,0,542819.03,642860.75,-100041.71999999997,100041.71999999997
2012-04-27,9,0,550414.99,648566.56,-98151.57250000001,98151.57250000001
2012-05-04,9,0,586289.08,713368.5,-127079.42000000004,127079.42000000004
2012-05-11,9,0,592572.3,699559.56,-106987.26249999995,106987.26249999995
2012-05-18,9,0,571463.93,643546.44,-72082.50749999995,72082.50749999995
2012-05-25,9,0,547226.0,716284.56,-169058.5625,169058.5625
2012-06-01,9,0,583648.59,754107.5,-170458.91000000003,170458.91000000003
2012-06-08,9,0,582525.42,735473.7,-152948.26749999996,152948.26749999996
2012-06-15,9,0,564606.1,725683.94,-161077.83750000002,161077.83750000002
2012-06-22,9,0,562173.12,706141.0,-143967.88,143967.88
2012-06-29,9,0,544770.7,701347.94,-156577.23750000005,156577.23750000005
2012-07-06,9,0,578790.36,736275.06,-157484.7025,157484.7025
2012-07-13,9,0,536537.64,709054.44,-172516.7975,172516.7975
2012-07-20,9,0,513991.57,695739.7,-181748.1175,181748.1175
2012-07-27,9,0,495951.0,679269.25,-183318.25,183318.25
2012-08-03,9,0,533887.54,748079.75,-214192.20999999996,214192.20999999996
2012-08-10,9,0,538713.47,730794.06,-192080.59250000003,192080.59250000003
2012-08-17,9,0,535153.47,739149.7,-203996.21750000003,203996.21750000003
2012-08-24,9,0,572887.78,746806.06,-173918.28249999997,173918.28249999997
2012-08-31,9,0,576879.15,744500.8,-167621.66249999998,167621.66249999998
2012-09-07,9,1,565812.29,736214.94,-170402.64749999996,170402.64749999996
2012-09-14,9,0,523427.35,695866.6,-172439.27500000002,172439.27500000002
2012-09-21,9,0,533756.88,612415.7,-78658.8075,78658.8075
2012-09-28,9,0,516361.06,641329.2,-124968.1275,124968.1275
2012-10-05,9,0,606755.3,717955.3,-111200.01249999995,111200.01249999995
2012-10-12,9,0,558464.8,674535.9,-116071.07499999995,116071.07499999995
2012-10-19,9,0,542009.46,678699.5,-136690.04000000004,136690.04000000004
2012-10-26,9,0,549731.49,693992.9,-144261.385,144261.385
2012-04-20,10,0,1777166.53,1992412.1,-215245.59499999997,215245.59499999997
2012-04-27,10,0,1712987.56,1945815.1,-232827.56499999994,232827.56499999994
2012-05-04,10,0,1821364.42,1971770.1,-150405.70500000007,150405.70500000007
2012-05-11,10,0,1792345.3,1952159.4,-159814.07499999995,159814.07499999995
2012-05-18,10,0,1795152.73,1892980.8,-97828.02000000002,97828.02000000002
2012-05-25,10,0,1830939.1,1933482.9,-102543.7749999999,102543.7749999999
2012-06-01,10,0,1767471.48,2004032.9,-236561.39500000002,236561.39500000002
2012-06-08,10,0,1840491.41,1963762.0,-123270.59000000008,123270.59000000008
2012-06-15,10,0,1811562.88,1957777.2,-146214.3700000001,146214.3700000001
2012-06-22,10,0,1755334.18,1932284.0,-176949.82000000007,176949.82000000007
2012-06-29,10,0,1707481.9,1915655.0,-208173.1000000001,208173.1000000001
2012-07-06,10,0,1805999.79,2025852.0,-219852.20999999996,219852.20999999996
2012-07-13,10,0,1765571.91,1982067.9,-216495.96500000008,216495.96500000008
2012-07-20,10,0,1869967.03,1972458.9,-102491.84499999997,102491.84499999997
2012-07-27,10,0,1817603.66,1927759.2,-110155.59000000008,110155.59000000008
2012-08-03,10,0,1939440.09,2044145.1,-104705.03499999992,104705.03499999992
2012-08-10,10,0,1880436.94,1984940.2,-104503.31000000006,104503.31000000006
2012-08-17,10,0,1827797.4,1981915.2,-154117.8500000001,154117.8500000001
2012-08-24,10,0,1764984.15,1990146.0,-225161.8500000001,225161.8500000001
2012-08-31,10,0,1650285.54,1976703.0,-326417.45999999996,326417.45999999996
2012-09-07,10,1,1708283.28,1971618.0,-263334.72,263334.72
2012-09-14,10,0,1640168.99,1880688.5,-240519.51,240519.51
2012-09-21,10,0,1671857.57,1843286.2,-171428.67999999993,171428.67999999993
2012-09-28,10,0,1694862.41,1842703.9,-147841.46500000008,147841.46500000008
2012-10-05,10,0,1758971.38,1894886.1,-135914.7450000001,135914.7450000001
2012-10-12,10,0,1713889.11,1859486.1,-145597.0149999999,145597.0149999999
2012-10-19,10,0,1734834.82,1862677.8,-127842.92999999993,127842.92999999993
2012-10-26,10,0,1744349.05,1852003.2,-107654.19999999995,107654.19999999995
2012-04-20,11,0,1315356.99,1476445.6,-161088.635,161088.635
2012-04-27,11,0,1236238.29,1429680.1,-193441.83499999996,193441.83499999996
2012-05-04,11,0,1370251.22,1439448.9,-69197.65500000003,69197.65500000003
2012-05-11,11,0,1300147.07,1440054.9,-139907.80499999993,139907.80499999993
2012-05-18,11,0,1352442.31,1425028.9,-72586.56499999994,72586.56499999994
2012-05-25,11,0,1297335.87,1448643.1,-151307.2549999999,151307.2549999999
2012-06-01,11,0,1361595.33,1480960.0,-119364.66999999993,119364.66999999993
2012-06-08,11,0,1414343.53,1462488.2,-48144.71999999997,48144.71999999997
2012-06-15,11,0,1417875.42,1454311.6,-36436.205000000075,36436.205000000075
2012-06-22,11,0,1355680.3,1438783.8,-83103.44999999995,83103.44999999995
2012-06-29,11,0,1297028.6,1437614.9,-140586.2749999999,140586.2749999999
2012-07-06,11,0,1461129.94,1281924.4,179205.56499999994,179205.56499999994
2012-07-13,11,0,1320239.51,1255631.1,64608.38500000001,64608.38500000001
2012-07-20,11,0,1344483.81,1244353.8,100130.06000000006,100130.06000000006
2012-07-27,11,0,1272395.02,1239456.5,32938.52000000002,32938.52000000002
2012-08-03,11,0,1399341.07,1320711.8,78629.32000000007,78629.32000000007
2012-08-10,11,0,1388973.65,1302495.4,86478.2749999999,86478.2749999999
2012-08-17,11,0,1421307.2,1310027.5,111279.69999999995,111279.69999999995
2012-08-24,11,0,1409515.73,1315301.0,94214.72999999998,94214.72999999998
2012-08-31,11,0,1372872.35,1304471.6,68400.7250000001,68400.7250000001
2012-09-07,11,1,1304584.4,1280206.2,24378.149999999907,24378.149999999907
2012-09-14,11,0,1267675.05,1244305.0,23370.050000000047,23370.050000000047
2012-09-21,11,0,1326132.98,1249371.4,76761.60499999998,76761.60499999998
2012-09-28,11,0,1227430.73,1211278.2,16152.479999999981,16152.479999999981
2012-10-05,11,0,1422794.26,1352750.8,70043.51000000001,70043.51000000001
2012-10-12,11,0,1311965.09,1268449.5,43515.590000000084,43515.590000000084
2012-10-19,11,0,1232073.18,1328583.0,-96509.82000000007,96509.82000000007
2012-10-26,11,0,1200729.45,1308053.8,-107324.30000000005,107324.30000000005
2012-04-20,12,0,1006486.96,1144899.8,-138412.79000000004,138412.79000000004
2012-04-27,12,0,1004252.38,1079433.1,-75180.745,75180.745
2012-05-04,12,0,1073433.69,1121379.0,-47945.310000000056,47945.310000000056
2012-05-11,12,0,1041995.22,1071134.8,-29139.530000000028,29139.530000000028
2012-05-18,12,0,1020486.05,1055075.6,-34589.57499999995,34589.57499999995
2012-05-25,12,0,991514.21,1081539.4,-90025.16500000004,90025.16500000004
2012-06-01,12,0,981345.2,1139104.1,-157758.92500000005,157758.92500000005
2012-06-08,12,0,1086231.47,1102519.1,-16287.655000000028,16287.655000000028
2012-06-15,12,0,1019555.51,1101862.6,-82307.11499999999,82307.11499999999
2012-06-22,12,0,981386.25,1079577.5,-98191.25,98191.25
2012-06-29,12,0,943124.74,1108438.4,-165313.635,165313.635
2012-07-06,12,0,1014898.78,1122762.4,-107863.59499999997,107863.59499999997
2012-07-13,12,0,960312.75,1090462.9,-130150.125,130150.125
2012-07-20,12,0,941550.34,1083989.9,-142439.53500000003,142439.53500000003
2012-07-27,12,0,916967.92,1041849.2,-124881.26749999996,124881.26749999996
2012-08-03,12,0,958667.23,1134412.8,-175745.52000000002,175745.52000000002
2012-08-10,12,0,984689.9,1111688.2,-126998.34999999998,126998.34999999998
2012-08-17,12,0,1005003.12,1089104.8,-84101.63,84101.63
2012-08-24,12,0,1048101.39,1086485.5,-38384.109999999986,38384.109999999986
2012-08-31,12,0,1061943.49,1096477.1,-34533.63500000001,34533.63500000001
2012-09-07,12,1,955146.04,1054908.5,-99762.45999999996,99762.45999999996
2012-09-14,12,0,885892.37,982869.44,-96977.0675,96977.0675
2012-09-21,12,0,922735.37,954470.4,-31735.005000000005,31735.005000000005
2012-09-28,12,0,880415.67,950947.1,-70531.45499999996,70531.45499999996
2012-10-05,12,0,979825.92,1039982.9,-60156.95499999996,60156.95499999996
2012-10-12,12,0,934917.47,1003578.7,-68661.21750000003,68661.21750000003
2012-10-19,12,0,960945.43,1024963.7,-64018.25749999995,64018.25749999995
2012-10-26,12,0,974697.6,1036360.44,-61662.83750000002,61662.83750000002
2012-04-20,13,0,1955689.12,2092207.2,-136518.1299999999,136518.1299999999
2012-04-27,13,0,1970121.65,2027093.9,-56972.22500000009,56972.22500000009
2012-05-04,13,0,1995994.51,2054859.1,-58864.61499999999,58864.61499999999
2012-05-11,13,0,2080764.17,2032926.8,47837.419999999925,47837.419999999925
2012-05-18,13,0,2131900.55,2062034.4,69866.17499999981,69866.17499999981
2012-05-25,13,0,2043349.41,2082782.9,-39433.465000000084,39433.465000000084
2012-06-01,13,0,2035431.39,2094462.5,-59031.1100000001,59031.1100000001
2012-06-08,13,0,2182437.9,2098808.5,83629.3999999999,83629.3999999999
2012-06-15,13,0,2152229.11,2106738.2,45490.85999999987,45490.85999999987
2012-06-22,13,0,2094373.0,2103762.0,-9389.0,9389.0
2012-06-29,13,0,2037663.71,2102784.8,-65121.04000000004,65121.04000000004
2012-07-06,13,0,2184980.35,2098840.8,86139.6000000001,86139.6000000001
2012-07-13,13,0,2002750.99,2044608.8,-41857.76000000001,41857.76000000001
2012-07-20,13,0,2053089.32,2029104.0,23985.320000000065,23985.320000000065
2012-07-27,13,0,1914430.53,2021495.0,-107064.46999999997,107064.46999999997
2012-08-03,13,0,2044148.23,2068047.9,-23899.64500000002,23899.64500000002
2012-08-10,13,0,2041019.92,2039377.0,1642.9199999999255,1642.9199999999255
2012-08-17,13,0,2095769.18,2080792.1,14977.054999999935,14977.054999999935
2012-08-24,13,0,2059458.25,2083402.2,-23944.0,23944.0
2012-08-31,13,0,2073855.42,2086828.8,-12973.330000000075,12973.330000000075
2012-09-07,13,1,2165796.31,2106501.5,59294.810000000056,59294.810000000056
2012-09-14,13,0,1919917.03,1957860.2,-37943.21999999997,37943.21999999997
2012-09-21,13,0,1938379.66,1962274.6,-23894.965000000084,23894.965000000084
2012-09-28,13,0,1927664.11,1964750.9,-37086.7649999999,37086.7649999999
2012-10-05,13,0,2041918.74,2080285.8,-38367.01000000001,38367.01000000001
2012-10-12,13,0,1999079.44,2071485.6,-72406.18500000006,72406.18500000006
2012-10-19,13,0,2018010.15,2036474.2,-18464.100000000093,18464.100000000093
2012-10-26,13,0,2035189.66,2026431.6,8758.034999999916,8758.034999999916
2012-04-20,14,0,1875686.44,1924767.1,-49080.685000000056,49080.685000000056
2012-04-27,14,0,1784029.95,1854255.6,-70225.67500000005,70225.67500000005
2012-05-04,14,0,1949354.29,1913373.0,35981.29000000004,35981.29000000004
2012-05-11,14,0,1987531.05,1674500.2,313030.80000000005,313030.80000000005
2012-05-18,14,0,1932233.17,1549364.1,382869.0449999999,382869.0449999999
2012-05-25,14,0,2030869.61,1532359.6,498509.9850000001,498509.9850000001
2012-06-01,14,0,2049485.49,1569031.1,480454.365,480454.365
2012-06-08,14,0,2099615.88,1529223.2,570392.6299999999,570392.6299999999
2012-06-15,14,0,1905733.68,1538094.6,367639.05499999993,367639.05499999993
2012-06-22,14,0,1660228.88,1528122.4,132106.5049999999,132106.5049999999
2012-06-29,14,0,1591835.02,1410900.5,180934.52000000002,180934.52000000002
2012-07-06,14,0,1862128.95,1406663.2,455465.69999999995,455465.69999999995
2012-07-13,14,0,1544422.35,1453562.1,90860.2250000001,90860.2250000001
2012-07-20,14,0,1553250.16,1472253.9,80996.28499999992,80996.28499999992
2012-07-27,14,0,1479514.66,1468437.9,11076.784999999916,11076.784999999916
2012-08-03,14,0,1656886.46,1542975.9,113910.58499999996,113910.58499999996
2012-08-10,14,0,1648570.03,1517498.9,131071.15500000003,131071.15500000003
2012-08-17,14,0,1660433.3,1535095.5,125337.80000000005,125337.80000000005
2012-08-24,14,0,1621841.33,1530171.8,91669.58000000007,91669.58000000007
2012-08-31,14,0,1613342.19,1679687.6,-66345.43500000006,66345.43500000006
2012-09-07,14,1,1904512.34,1782509.1,122003.21500000008,122003.21500000008
2012-09-14,14,0,1554794.22,1716529.4,-161735.15500000003,161735.15500000003
2012-09-21,14,0,1565352.46,1698113.8,-132761.29000000004,132761.29000000004
2012-09-28,14,0,1522512.2,1726695.9,-204183.67500000005,204183.67500000005
2012-10-05,14,0,1687592.16,1805081.4,-117489.21500000008,117489.21500000008
2012-10-12,14,0,1639585.61,1813832.4,-174246.7649999999,174246.7649999999
2012-10-19,14,0,1590274.72,1807784.1,-217509.40500000003,217509.40500000003
2012-10-26,14,0,1704357.62,1658438.8,45918.87000000011,45918.87000000011
2012-04-20,15,0,534780.57,669993.1,-135212.55500000005,135212.55500000005
2012-04-27,15,0,527402.62,565021.8,-37619.192500000005,37619.192500000005
2012-05-04,15,0,577868.38,637365.06,-59496.682499999995,59496.682499999995
2012-05-11,15,0,579539.95,616849.0,-37309.05000000005,37309.05000000005
2012-05-18,15,0,600050.98,596470.7,3580.2924999999814,3580.2924999999814
2012-05-25,15,0,693780.42,650407.3,43373.10750000004,43373.10750000004
2012-06-01,15,0,663971.26,691954.3,-27983.05249999999,27983.05249999999
2012-06-08,15,0,611390.67,646105.44,-34714.76749999996,34714.76749999996
2012-06-15,15,0,636737.65,650978.75,-14241.099999999977,14241.099999999977
2012-06-22,15,0,687085.6,706722.9,-19637.275000000023,19637.275000000023
2012-06-29,15,0,624099.48,656500.56,-32401.08250000002,32401.08250000002
2012-07-06,15,0,678024.75,708456.5,-30431.75,30431.75
2012-07-13,15,0,591335.5,653912.94,-62577.4375,62577.4375
2012-07-20,15,0,592369.22,639782.6,-47413.40500000003,47413.40500000003
2012-07-27,15,0,571190.83,617032.2,-45841.35750000004,45841.35750000004
2012-08-03,15,0,590739.62,673698.5,-82958.88,82958.88
2012-08-10,15,0,590453.63,664914.75,-74461.12,74461.12
2012-08-17,15,0,579738.2,625867.2,-46128.98750000005,46128.98750000005
2012-08-24,15,0,606210.77,634883.4,-28672.60499999998,28672.60499999998
2012-08-31,15,0,610185.32,642771.44,-32586.11750000005,32586.11750000005
2012-09-07,15,1,587259.82,717073.2,-129813.36750000005,129813.36750000005
2012-09-14,15,0,527509.76,558378.06,-30868.30249999999,30868.30249999999
2012-09-21,15,0,533161.64,529623.1,3538.515000000014,3538.515000000014
2012-09-28,15,0,553901.97,530642.4,23259.594999999972,23259.594999999972
2012-10-05,15,0,573498.64,587318.7,-13820.047499999986,13820.047499999986
2012-10-12,15,0,551799.63,569605.9,-17806.244999999995,17806.244999999995
2012-10-19,15,0,555652.77,592782.3,-37129.54249999998,37129.54249999998
2012-10-26,15,0,558473.6,598735.94,-40262.33750000002,40262.33750000002
2012-04-20,16,0,436221.26,793206.56,-356985.3025,356985.3025
2012-04-27,16,0,398445.15,810960.4,-412515.225,412515.225
2012-05-04,16,0,426959.62,682809.9,-255850.255,255850.255
2012-05-11,16,0,479855.0,680581.56,-200726.5625,200726.5625
2012-05-18,16,0,493506.47,529702.2,-36195.71750000003,36195.71750000003
2012-05-25,16,0,518045.09,560477.9,-42432.784999999974,42432.784999999974
2012-06-01,16,0,532311.93,572349.44,-40037.50749999995,40037.50749999995
2012-06-08,16,0,603618.89,649148.0,-45529.109999999986,45529.109999999986
2012-06-15,16,0,570045.79,658319.2,-88273.39749999996,88273.39749999996
2012-06-22,16,0,581745.72,633995.5,-52249.78000000003,52249.78000000003
2012-06-29,16,0,570162.28,621087.1,-50924.84499999997,50924.84499999997
2012-07-06,16,0,641763.53,739061.2,-97297.65749999997,97297.65749999997
2012-07-13,16,0,569005.06,694139.4,-125134.31499999994,125134.31499999994
2012-07-20,16,0,565297.54,688902.06,-123604.52249999996,123604.52249999996
2012-07-27,16,0,539337.87,672075.5,-132737.63,132737.63
2012-08-03,16,0,584000.71,721686.25,-137685.54000000004,137685.54000000004
2012-08-10,16,0,554036.84,698072.4,-144035.53500000003,144035.53500000003
2012-08-17,16,0,521896.6,691379.5,-169482.90000000002,169482.90000000002
2012-08-24,16,0,551152.15,701083.2,-149931.03749999998,149931.03749999998
2012-08-31,16,0,551837.31,718370.1,-166532.81499999994,166532.81499999994
2012-09-07,16,1,537138.58,718751.6,-181613.04500000004,181613.04500000004
2012-09-14,16,0,526525.16,613049.2,-86524.02749999997,86524.02749999997
2012-09-21,16,0,509942.56,563656.44,-53713.8775,53713.8775
2012-09-28,16,0,469607.73,558396.75,-88789.02000000002,88789.02000000002
2012-10-05,16,0,471281.68,614688.8,-143407.1325,143407.1325
2012-10-12,16,0,491817.19,515726.0,-23908.809999999998,23908.809999999998
2012-10-19,16,0,577198.97,548737.4,28461.594999999972,28461.594999999972
2012-10-26,16,0,475770.14,555983.44,-80213.29749999999,80213.29749999999
2012-04-20,17,0,1119979.98,937217.9,182762.10499999998,182762.10499999998
2012-04-27,17,0,925916.65,880409.9,45506.77500000002,45506.77500000002
2012-05-04,17,0,930121.14,938263.2,-8142.047499999986,8142.047499999986
2012-05-11,17,0,944100.3,910244.1,33856.17500000005,33856.17500000005
2012-05-18,17,0,968816.33,908168.75,60647.57999999996,60647.57999999996
2012-05-25,17,0,984881.59,955758.0,29123.589999999967,29123.589999999967
2012-06-01,17,0,938914.28,962956.2,-24041.907499999972,24041.907499999972
2012-06-08,17,0,987990.24,959323.6,28666.61499999999,28666.61499999999
2012-06-15,17,0,964169.67,950576.44,13593.232500000042,13593.232500000042
2012-06-22,17,0,981210.57,969824.25,11386.319999999949,11386.319999999949
2012-06-29,17,0,982322.24,975389.56,6932.677499999991,6932.677499999991
2012-07-06,17,0,1046782.52,1069372.8,-22590.22999999998,22590.22999999998
2012-07-13,17,0,960746.04,1030297.5,-69551.45999999996,69551.45999999996
2012-07-20,17,0,944698.7,1011505.3,-66806.61250000005,66806.61250000005
2012-07-27,17,0,907493.24,1006280.0,-98786.76000000001,98786.76000000001
2012-08-03,17,0,877813.33,1056801.0,-178987.67000000004,178987.67000000004
2012-08-10,17,0,849074.04,1043067.7,-193993.64749999996,193993.64749999996
2012-08-17,17,0,844928.17,1039004.0,-194075.82999999996,194075.82999999996
2012-08-24,17,0,924299.78,1045387.5,-121087.71999999997,121087.71999999997
2012-08-31,17,0,865924.2,1053967.9,-188043.67500000005,188043.67500000005
2012-09-07,17,1,1255633.29,1105888.1,149745.16500000004,149745.16500000004
2012-09-14,17,0,1071040.22,958110.7,112929.53249999997,112929.53249999997
2012-09-21,17,0,938303.28,947586.9,-9283.594999999972,9283.594999999972
2012-09-28,17,0,972716.24,945766.0,26950.23999999999,26950.23999999999
2012-10-05,17,0,952609.17,1085589.4,-132980.20499999996,132980.20499999996
2012-10-12,17,0,919878.34,1040986.9,-121108.53500000003,121108.53500000003
2012-10-19,17,0,957356.84,1043640.6,-86283.78500000003,86283.78500000003
2012-10-26,17,0,943465.29,1036778.06,-93312.77249999996,93312.77249999996
2012-04-20,18,0,1025813.8,1135346.9,-109533.07499999995,109533.07499999995
2012-04-27,18,0,961186.23,1062596.0,-101409.77000000002,101409.77000000002
2012-05-04,18,0,1050027.89,1129968.6,-79940.7350000001,79940.7350000001
2012-05-11,18,0,1060433.1,1078883.9,-18450.774999999907,18450.774999999907
2012-05-18,18,0,1047444.59,1069370.0,-21925.410000000033,21925.410000000033
2012-05-25,18,0,1088446.58,1113666.5,-25219.919999999925,25219.919999999925
2012-06-01,18,0,1118313.7,1187984.8,-69671.05000000005,69671.05000000005
2012-06-08,18,0,1110479.94,1105576.0,4903.939999999944,4903.939999999944
2012-06-15,18,0,1057425.83,1124656.4,-67230.54499999993,67230.54499999993
2012-06-22,18,0,1080357.89,1159244.2,-78886.3600000001,78886.3600000001
2012-06-29,18,0,1097006.3,1141216.0,-44209.69999999995,44209.69999999995
2012-07-06,18,0,1158247.31,1137283.1,20964.185000000056,20964.185000000056
2012-07-13,18,0,1024784.92,1083568.9,-58783.95499999996,58783.95499999996
2012-07-20,18,0,1033543.56,1065769.5,-32225.939999999944,32225.939999999944
2012-07-27,18,0,924506.26,1048261.25,-123754.98999999999,123754.98999999999
2012-08-03,18,0,1052066.58,1108179.5,-56112.919999999925,56112.919999999925
2012-08-10,18,0,967304.07,1070005.2,-102701.18000000005,102701.18000000005
2012-08-17,18,0,1048134.24,1091987.0,-43852.76000000001,43852.76000000001
2012-08-24,18,0,1145840.91,1077061.5,68779.40999999992,68779.40999999992
2012-08-31,18,0,1117097.23,1092064.6,25032.60499999998,25032.60499999998
2012-09-07,18,1,1083521.24,1134217.0,-50695.76000000001,50695.76000000001
2012-09-14,18,0,960476.1,1005917.9,-45441.77500000002,45441.77500000002
2012-09-21,18,0,971386.65,998230.94,-26844.287499999977,26844.287499999977
2012-09-28,18,0,1002856.2,984498.3,18357.887499999953,18357.887499999953
2012-10-05,18,0,1092204.79,1071514.1,20690.665000000037,20690.665000000037
2012-10-12,18,0,1074079.0,1060611.6,13467.375,13467.375
2012-10-19,18,0,1048706.75,1078800.1,-30093.375,30093.375
2012-10-26,18,0,1127516.25,1101131.9,26384.375,26384.375
2012-04-13,19,0,1365098.46,1431687.1,-66588.66500000004,66588.66500000004
2012-04-20,19,0,1255087.26,1492776.5,-237689.24,237689.24
2012-04-27,19,0,1285897.24,1423660.4,-137763.135,137763.135
2012-05-04,19,0,1405007.44,1474684.2,-69676.81000000006,69676.81000000006
2012-05-11,19,0,1442873.22,1441417.8,1455.469999999972,1455.469999999972
2012-05-18,19,0,1366937.1,1412975.4,-46038.27499999991,46038.27499999991
2012-05-25,19,0,1485540.28,1454619.4,30920.905000000028,30920.905000000028
2012-06-01,19,0,1450733.29,1493444.5,-42711.20999999996,42711.20999999996
2012-06-08,19,0,1390122.11,1469308.9,-79186.7649999999,79186.7649999999
2012-06-15,19,0,1440263.15,1439830.9,432.27499999990687,432.27499999990687
2012-06-22,19,0,1468350.36,1504966.5,-36616.1399999999,36616.1399999999
2012-06-29,19,0,1379652.65,1464887.6,-85234.9750000001,85234.9750000001
2012-07-06,19,0,1557120.44,1519536.9,37583.564999999944,37583.564999999944
2012-07-13,19,0,1321741.35,1458662.9,-136921.5249999999,136921.5249999999
2012-07-20,19,0,1317672.92,1444103.9,-126430.95500000007,126430.95500000007
2012-07-27,19,0,1248915.43,1420855.1,-171939.69500000007,171939.69500000007
2012-08-03,19,0,1342123.78,1486825.4,-144701.59499999997,144701.59499999997
2012-08-10,19,0,1408907.89,1480957.2,-72049.3600000001,72049.3600000001
2012-08-17,19,0,1375101.26,1436194.4,-61093.11499999999,61093.11499999999
2012-08-24,19,0,1544653.37,1467917.1,76736.24500000011,76736.24500000011
2012-08-31,19,0,1542719.87,1482914.5,59805.37000000011,59805.37000000011
2012-09-07,19,1,1497073.82,1540758.4,-43684.554999999935,43684.554999999935
2012-09-14,19,0,1370653.41,1401204.0,-30550.590000000084,30550.590000000084
2012-09-21,19,0,1338572.29,1366243.1,-27670.834999999963,27670.834999999963
2012-09-28,19,0,1338299.02,1372769.2,-34470.22999999998,34470.22999999998
2012-10-05,19,0,1408016.1,1428207.4,-20191.274999999907,20191.274999999907
2012-10-12,19,0,1352809.5,1435977.2,-83167.75,83167.75
2012-10-19,19,0,1321102.35,1444842.6,-123740.2749999999,123740.2749999999
2012-10-26,19,0,1322117.96,1436262.6,-114144.66500000004,114144.66500000004
2012-04-13,20,0,2045396.06,2235482.0,-190085.93999999994,190085.93999999994
2012-04-20,20,0,1884427.84,2161912.5,-277484.6599999999,277484.6599999999
2012-04-27,20,0,1886503.93,2226918.8,-340414.82000000007,340414.82000000007
2012-05-04,20,0,2163510.89,2072768.5,90742.39000000013,90742.39000000013
2012-05-11,20,0,2168097.11,2092840.0,75257.10999999987,75257.10999999987
2012-05-18,20,0,2039222.26,2055474.0,-16251.73999999999,16251.73999999999
2012-05-25,20,0,2114989.0,2095785.8,19203.25,19203.25
2012-06-01,20,0,2143126.59,2158952.5,-15825.910000000149,15825.910000000149
2012-06-08,20,0,2231962.13,2113590.8,118371.37999999989,118371.37999999989
2012-06-15,20,0,2165160.29,2142429.8,22730.540000000037,22730.540000000037
2012-06-22,20,0,2060588.69,2113425.5,-52836.810000000056,52836.810000000056
2012-06-29,20,0,2055952.61,2119453.2,-63500.6399999999,63500.6399999999
2012-07-06,20,0,2358055.3,2073795.5,284259.7999999998,284259.7999999998
2012-07-13,20,0,2134680.12,2024561.0,110119.12000000011,110119.12000000011
2012-07-20,20,0,1970170.29,2014458.5,-44288.20999999996,44288.20999999996
2012-07-27,20,0,1911559.1,2001068.6,-89509.5249999999,89509.5249999999
2012-08-03,20,0,2094515.71,2070510.2,24005.459999999963,24005.459999999963
2012-08-10,20,0,2144245.39,2067017.0,77228.39000000013,77228.39000000013
2012-08-17,20,0,2045061.22,2052764.8,-7703.530000000028,7703.530000000028
2012-08-24,20,0,2005341.43,2041184.6,-35843.195000000065,35843.195000000065
2012-08-31,20,0,2062481.56,2090036.5,-27554.939999999944,27554.939999999944
2012-09-07,20,1,2080529.06,2061813.5,18715.560000000056,18715.560000000056
2012-09-14,20,0,2047949.98,1967287.4,80662.60499999998,80662.60499999998
2012-09-21,20,0,2028587.24,1966769.9,61817.36499999999,61817.36499999999
2012-09-28,20,0,2008350.58,1985546.9,22803.705000000075,22803.705000000075
2012-10-05,20,0,2246411.89,2036747.1,209664.76500000013,209664.76500000013
2012-10-12,20,0,2162951.36,2163812.2,-860.8900000001304,860.8900000001304
2012-10-19,20,0,1999363.49,2037368.9,-38005.38500000001,38005.38500000001
2012-10-26,20,0,2031650.55,2037134.4,-5483.824999999953,5483.824999999953
2012-04-13,21,0,769319.04,761690.3,7628.727500000037,7628.727500000037
2012-04-20,21,0,734858.91,819775.9,-84916.96499999997,84916.96499999997
2012-04-27,21,0,674829.58,780863.25,-106033.67000000004,106033.67000000004
2012-05-04,21,0,697645.32,806505.94,-108860.61750000005,108860.61750000005
2012-05-11,21,0,649945.54,815284.56,-165339.02249999996,165339.02249999996
2012-05-18,21,0,700554.16,806032.44,-105478.27749999997,105478.27749999997
2012-05-25,21,0,722891.24,816514.75,-93623.51000000001,93623.51000000001
2012-06-01,21,0,695439.83,865153.9,-169714.04500000004,169714.04500000004
2012-06-08,21,0,707895.72,837900.8,-130005.09250000003,130005.09250000003
2012-06-15,21,0,727049.04,831167.6,-104118.58499999996,104118.58499999996
2012-06-22,21,0,735870.0,796992.5,-61122.5,61122.5
2012-06-29,21,0,716341.39,828300.7,-111959.29749999999,111959.29749999999
2012-07-06,21,0,693013.59,783340.1,-90326.53500000003,90326.53500000003
2012-07-13,21,0,668132.36,736462.9,-68330.51500000001,68330.51500000001
2012-07-20,21,0,691200.33,752634.6,-61434.29500000004,61434.29500000004
2012-07-27,21,0,677789.14,745157.1,-67367.98499999999,67367.98499999999
2012-08-03,21,0,693785.85,788637.56,-94851.71250000002,94851.71250000002
2012-08-10,21,0,700272.01,796751.56,-96479.55249999999,96479.55249999999
2012-08-17,21,0,751963.81,820106.56,-68142.75249999994,68142.75249999994
2012-08-24,21,0,802003.61,807558.9,-5555.265000000014,5555.265000000014
2012-08-31,21,0,763867.59,819254.25,-55386.66000000003,55386.66000000003
2012-09-07,21,1,642827.29,804393.56,-161566.27249999996,161566.27249999996
2012-09-14,21,0,628494.63,737340.9,-108846.245,108846.245
2012-09-21,21,0,667151.46,828863.44,-161711.97750000004,161711.97750000004
2012-09-28,21,0,647097.65,807484.25,-160386.59999999998,160386.59999999998
2012-10-05,21,0,651768.91,791080.4,-139311.46499999997,139311.46499999997
2012-10-12,21,0,653043.44,737040.94,-83997.49750000006,83997.49750000006
2012-10-19,21,0,641368.14,733145.5,-91777.35999999999,91777.35999999999
2012-10-26,21,0,675202.87,779087.2,-103884.3175,103884.3175
2012-04-13,22,0,939118.24,1073265.8,-134147.51,134147.51
2012-04-20,22,0,1000342.87,1104849.8,-104506.88,104506.88
2012-04-27,22,0,922539.94,1025291.6,-102751.68500000006,102751.68500000006
2012-05-04,22,0,1005083.31,1104102.2,-99018.93999999994,99018.93999999994
2012-05-11,22,0,997868.63,1066610.6,-68741.995,68741.995
2012-05-18,22,0,986612.02,1024808.4,-38196.35499999998,38196.35499999998
2012-05-25,22,0,1047297.38,1069205.9,-21908.494999999995,21908.494999999995
2012-06-01,22,0,1102857.37,1143011.8,-40154.37999999989,40154.37999999989
2012-06-08,22,0,1061134.37,1081347.2,-20212.87999999989,20212.87999999989
2012-06-15,22,0,1061219.19,1094670.8,-33451.560000000056,33451.560000000056
2012-06-22,22,0,1112449.3,1102685.4,9763.925000000047,9763.925000000047
2012-06-29,22,0,1053881.78,1112498.9,-58617.09499999997,58617.09499999997
2012-07-06,22,0,1097786.14,1113518.6,-15732.485000000102,15732.485000000102
2012-07-13,22,0,971361.38,1058322.5,-86961.12,86961.12
2012-07-20,22,0,991969.37,1043929.7,-51960.317500000005,51960.317500000005
2012-07-27,22,0,925731.21,1025536.3,-99805.10250000004,99805.10250000004
2012-08-03,22,0,1007257.83,1086535.1,-79277.29500000004,79277.29500000004
2012-08-10,22,0,973812.79,1065082.6,-91269.83499999996,91269.83499999996
2012-08-17,22,0,981273.26,1071569.1,-90295.86499999999,90295.86499999999
2012-08-24,22,0,1060906.75,1074562.0,-13655.25,13655.25
2012-08-31,22,0,1022270.86,1096702.0,-74431.14000000001,74431.14000000001
2012-09-07,22,1,996628.8,1141872.8,-145243.94999999995,145243.94999999995
2012-09-14,22,0,918049.28,995889.3,-77840.03249999997,77840.03249999997
2012-09-21,22,0,921612.53,1004483.1,-82870.59499999997,82870.59499999997
2012-09-28,22,0,976479.51,973360.8,3118.6975000000093,3118.6975000000093
2012-10-05,22,0,1009887.36,1049627.8,-39740.390000000014,39740.390000000014
2012-10-12,22,0,1004039.84,1030157.2,-26117.347500000033,26117.347500000033
2012-10-19,22,0,978027.95,1042554.8,-64526.86250000005,64526.86250000005
2012-10-26,22,0,1094422.69,1079038.4,15384.314999999944,15384.314999999944
2012-04-13,23,0,1231752.54,1434391.1,-202638.58499999996,202638.58499999996
2012-04-20,23,0,1287899.41,1489320.1,-201420.71500000008,201420.71500000008
2012-04-27,23,0,1277758.76,1385438.6,-107679.86499999999,107679.86499999999
2012-05-04,23,0,1317379.68,1467473.8,-150094.07000000007,150094.07000000007
2012-05-11,23,0,1321914.34,1419664.2,-97749.90999999992,97749.90999999992
2012-05-18,23,0,1332952.47,1420276.2,-87323.78000000003,87323.78000000003
2012-05-25,23,0,1552934.64,1519494.2,33440.3899999999,33440.3899999999
2012-06-01,23,0,1476144.34,1540363.8,-64219.409999999916,64219.409999999916
2012-06-08,23,0,1568048.54,1451906.2,116142.29000000004,116142.29000000004
2012-06-15,23,0,1543667.68,1487674.4,55993.304999999935,55993.304999999935
2012-06-22,23,0,1522042.57,1495728.9,26313.695000000065,26313.695000000065
2012-06-29,23,0,1451782.16,1461745.2,-9963.090000000084,9963.090000000084
2012-07-06,23,0,1545370.16,1486638.1,58732.034999999916,58732.034999999916
2012-07-13,23,0,1384921.63,1426338.8,-41417.12000000011,41417.12000000011
2012-07-20,23,0,1381339.23,1419811.1,-38471.89500000002,38471.89500000002
2012-07-27,23,0,1322932.36,1402506.5,-79574.1399999999,79574.1399999999
2012-08-03,23,0,1416926.31,1461510.0,-44583.689999999944,44583.689999999944
2012-08-10,23,0,1436311.76,1438852.1,-2540.3649999999907,2540.3649999999907
2012-08-17,23,0,1510131.45,1447976.8,62154.69999999995,62154.69999999995
2012-08-24,23,0,1702220.96,1466577.1,235643.83499999996,235643.83499999996
2012-08-31,23,0,1577468.78,1472560.0,104908.78000000003,104908.78000000003
2012-09-07,23,1,1427162.26,1539090.0,-111927.73999999999,111927.73999999999
2012-09-14,23,0,1279041.64,1391817.5,-112775.8600000001,112775.8600000001
2012-09-21,23,0,1338627.55,1371210.6,-32583.074999999953,32583.074999999953
2012-09-28,23,0,1319035.06,1345222.9,-26187.814999999944,26187.814999999944
2012-10-05,23,0,1464616.59,1421242.5,43374.090000000084,43374.090000000084
2012-10-12,23,0,1412925.25,1405354.9,7570.375,7570.375
2012-10-19,23,0,1363155.77,1401411.9,-38256.10499999998,38256.10499999998
2012-10-26,23,0,1347454.59,1458011.5,-110556.90999999992,110556.90999999992
2012-04-13,24,0,1285783.87,1357381.8,-71597.87999999989,71597.87999999989
2012-04-20,24,0,1208654.4,1370877.0,-162222.6000000001,162222.6000000001
2012-04-27,24,0,1194334.65,1322003.5,-127668.8500000001,127668.8500000001
2012-05-04,24,0,1306551.71,1355062.6,-48510.91500000004,48510.91500000004
2012-05-11,24,0,1355391.79,1329719.1,25672.665000000037,25672.665000000037
2012-05-18,24,0,1298809.8,1322298.8,-23488.949999999953,23488.949999999953
2012-05-25,24,0,1407897.57,1371385.1,36512.445000000065,36512.445000000065
2012-06-01,24,0,1467722.19,1466433.5,1288.6899999999441,1288.6899999999441
2012-06-08,24,0,1406313.13,1365626.5,40686.62999999989,40686.62999999989
2012-06-15,24,0,1364445.98,1370453.4,-6007.395000000019,6007.395000000019
2012-06-22,24,0,1434709.63,1426324.8,8384.879999999888,8384.879999999888
2012-06-29,24,0,1428869.9,1407941.8,20928.149999999907,20928.149999999907
2012-07-06,24,0,1645097.75,1416737.0,228360.75,228360.75
2012-07-13,24,0,1405475.78,1320846.9,84628.90500000003,84628.90500000003
2012-07-20,24,0,1394299.0,1308623.9,85675.125,85675.125
2012-07-27,24,0,1307339.14,1287182.8,20156.389999999898,20156.389999999898
2012-08-03,24,0,1440374.13,1342234.9,98139.25499999989,98139.25499999989
2012-08-10,24,0,1497054.81,1326214.6,170840.18500000006,170840.18500000006
2012-08-17,24,0,1397970.54,1326989.6,70980.91500000004,70980.91500000004
2012-08-24,24,0,1303726.54,1310801.1,-7074.584999999963,7074.584999999963
2012-08-31,24,0,1344558.92,1329807.0,14751.919999999925,14751.919999999925
2012-09-07,24,1,1477134.75,1403272.9,73861.875,73861.875
2012-09-14,24,0,1242909.53,1250473.4,-7563.844999999972,7563.844999999972
2012-09-21,24,0,1261158.47,1203998.0,57160.46999999997,57160.46999999997
2012-09-28,24,0,1259278.36,1208723.8,50554.6100000001,50554.6100000001
2012-10-05,24,0,1416720.54,1370063.8,46656.79000000004,46656.79000000004
2012-10-12,24,0,1416301.17,1349897.8,66403.41999999993,66403.41999999993
2012-10-19,24,0,1255414.84,1363945.1,-108530.28499999992,108530.28499999992
2012-10-26,24,0,1307182.29,1368836.9,-61654.58499999996,61654.58499999996
2012-04-13,25,0,658691.56,691201.2,-32509.627499999944,32509.627499999944
2012-04-20,25,0,661566.48,799959.75,-138393.27000000002,138393.27000000002
2012-04-27,25,0,655157.32,658180.2,-3022.867500000051,3022.867500000051
2012-05-04,25,0,696421.72,735588.1,-39166.40500000003,39166.40500000003
2012-05-11,25,0,739866.16,727624.6,12241.535000000033,12241.535000000033
2012-05-18,25,0,717207.19,716530.25,676.9399999999441,676.9399999999441
2012-05-25,25,0,783371.02,747490.56,35880.45750000002,35880.45750000002
2012-06-01,25,0,694765.95,785890.7,-91124.73750000005,91124.73750000005
2012-06-08,25,0,730254.19,761807.56,-31553.372500000056,31553.372500000056
2012-06-15,25,0,753860.89,764716.25,-10855.359999999986,10855.359999999986
2012-06-22,25,0,721601.9,755345.06,-33743.16249999998,33743.16249999998
2012-06-29,25,0,718890.81,756518.8,-37628.002499999944,37628.002499999944
2012-07-06,25,0,753385.55,738603.2,14782.362500000047,14782.362500000047
2012-07-13,25,0,714093.95,700010.2,14083.762499999953,14083.762499999953
2012-07-20,25,0,685676.58,691064.4,-5387.795000000042,5387.795000000042
2012-07-27,25,0,659109.53,675842.5,-16732.969999999972,16732.969999999972
2012-08-03,25,0,709724.6,728084.9,-18360.275000000023,18360.275000000023
2012-08-10,25,0,710496.97,721366.06,-10869.092500000028,10869.092500000028
2012-08-17,25,0,728467.72,718493.25,9974.469999999972,9974.469999999972
2012-08-24,25,0,756527.64,711843.1,44684.515000000014,44684.515000000014
2012-08-31,25,0,714828.73,714499.5,329.2299999999814,329.2299999999814
2012-09-07,25,1,671482.9,732054.25,-60571.34999999998,60571.34999999998
2012-09-14,25,0,657241.63,637454.06,19787.567500000005,19787.567500000005
2012-09-21,25,0,664745.2,639873.3,24871.887499999953,24871.887499999953
2012-09-28,25,0,683300.84,656235.1,27065.714999999967,27065.714999999967
2012-10-05,25,0,699536.73,719663.75,-20127.02000000002,20127.02000000002
2012-10-12,25,0,697317.41,665995.3,31322.097500000033,31322.097500000033
2012-10-19,25,0,685531.85,711202.6,-25670.775000000023,25670.775000000023
2012-10-26,25,0,688940.94,689309.8,-368.8725000000559,368.8725000000559
2012-04-13,26,0,889670.29,958037.56,-68367.27249999996,68367.27249999996
2012-04-20,26,0,923600.02,1076790.4,-153190.35499999998,153190.35499999998
2012-04-27,26,0,911969.0,962844.75,-50875.75,50875.75
2012-05-04,26,0,946573.29,1011280.44,-64707.14749999996,64707.14749999996
2012-05-11,26,0,1062548.73,983011.8,79536.91749999998,79536.91749999998
2012-05-18,26,0,978082.84,1000771.8,-22688.972500000033,22688.972500000033
2012-05-25,26,0,1067310.74,1042931.3,24379.42749999999,24379.42749999999
2012-06-01,26,0,1015853.03,1073208.2,-57355.21999999997,57355.21999999997
2012-06-08,26,0,1106176.83,1040385.5,65791.33000000007,65791.33000000007
2012-06-15,26,0,1029248.22,1053644.4,-24396.155000000028,24396.155000000028
2012-06-22,26,0,1056282.91,1055493.4,789.5349999999162,789.5349999999162
2012-06-29,26,0,1051190.44,1055518.2,-4327.810000000056,4327.810000000056
2012-07-06,26,0,1180470.8,1080954.1,99516.67500000005,99516.67500000005
2012-07-13,26,0,1063149.78,1034116.44,29033.342500000028,29033.342500000028
2012-07-20,26,0,1049625.9,1022775.56,26850.337499999907,26850.337499999907
2012-07-27,26,0,1031745.14,1005438.25,26306.890000000014,26306.890000000014
2012-08-03,26,0,1090915.09,1067682.1,23232.965000000084,23232.965000000084
2012-08-10,26,0,1121476.51,1039493.5,81983.01000000001,81983.01000000001
2012-08-17,26,0,1068292.56,1042644.8,25647.747500000056,25647.747500000056
2012-08-24,26,0,1022704.2,1052393.4,-29689.175000000047,29689.175000000047
2012-08-31,26,0,1053495.51,1049675.5,3820.0100000000093,3820.0100000000093
2012-09-07,26,1,1081874.03,1112681.9,-30807.844999999972,30807.844999999972
2012-09-14,26,0,986131.94,975654.56,10477.377499999944,10477.377499999944
2012-09-21,26,0,961084.08,967839.1,-6755.045000000042,6755.045000000042
2012-09-28,26,0,964726.37,957929.8,6796.557499999995,6796.557499999995
2012-10-05,26,0,1095504.26,1048134.44,47369.82250000001,47369.82250000001
2012-10-12,26,0,1044639.69,1007403.7,37236.002499999944,37236.002499999944
2012-10-19,26,0,975578.02,1016311.0,-40732.97999999998,40732.97999999998
2012-10-26,26,0,958619.8,1040940.9,-82321.07499999995,82321.07499999995
2012-04-13,27,0,1650405.21,1770560.8,-120155.54000000004,120155.54000000004
2012-04-20,27,0,1639999.47,1797960.9,-157961.40500000003,157961.40500000003
2012-04-27,27,0,1565498.84,1737621.9,-172123.03499999992,172123.03499999992
2012-05-04,27,0,1669388.45,1791191.4,-121802.92500000005,121802.92500000005
2012-05-11,27,0,1674306.31,1748346.5,-74040.18999999994,74040.18999999994
2012-05-18,27,0,1707158.82,1735886.5,-28727.679999999935,28727.679999999935
2012-05-25,27,0,1818906.73,1760546.0,58360.72999999998,58360.72999999998
2012-06-01,27,0,1900638.6,1879158.0,21480.600000000093,21480.600000000093
2012-06-08,27,0,1764756.31,1773697.0,-8940.689999999944,8940.689999999944
2012-06-15,27,0,1773500.56,1781698.5,-8197.939999999944,8197.939999999944
2012-06-22,27,0,1837884.79,1827735.0,10149.790000000037,10149.790000000037
2012-06-29,27,0,1842555.32,1837582.6,4972.695000000065,4972.695000000065
2012-07-06,27,0,2062224.92,1852005.5,210219.41999999993,210219.41999999993
2012-07-13,27,0,1755889.53,1784067.4,-28177.844999999972,28177.844999999972
2012-07-20,27,0,1730913.66,1766042.2,-35128.590000000084,35128.590000000084
2012-07-27,27,0,1625883.71,1740970.5,-115086.79000000004,115086.79000000004
2012-08-03,27,0,1705810.84,1806032.8,-100221.90999999992,100221.90999999992
2012-08-10,27,0,1720537.26,1783446.1,-62908.86499999999,62908.86499999999
2012-08-17,27,0,1735339.59,1788942.9,-53603.284999999916,53603.284999999916
2012-08-24,27,0,1780443.36,1824495.9,-44052.5149999999,44052.5149999999
2012-08-31,27,0,1731935.43,1813768.2,-81832.82000000007,81832.82000000007
2012-09-07,27,1,1840955.23,1850157.1,-9201.895000000019,9201.895000000019
2012-09-14,27,0,1519604.5,1713228.4,-193623.875,193623.875
2012-09-21,27,0,1557485.75,1673388.6,-115902.875,115902.875
2012-09-28,27,0,1540687.63,1683655.6,-142967.9950000001,142967.9950000001
2012-10-05,27,0,1591816.88,1761517.5,-169700.6200000001,169700.6200000001
2012-10-12,27,0,1660081.29,1766705.0,-106623.70999999996,106623.70999999996
2012-10-19,27,0,1620374.24,1760047.2,-139673.01,139673.01
2012-10-26,27,0,1703047.74,1772979.0,-69931.26000000001,69931.26000000001
2012-04-13,28,0,1290684.95,1493392.9,-202707.92500000005,202707.92500000005
2012-04-20,28,0,1180797.2,1531454.1,-350656.92500000005,350656.92500000005
2012-04-27,28,0,1170456.16,1467106.4,-296650.2150000001,296650.2150000001
2012-05-04,28,0,1450628.85,1532950.1,-82321.2749999999,82321.2749999999
2012-05-11,28,0,1264575.18,1480733.0,-216157.82000000007,216157.82000000007
2012-05-18,28,0,1213310.45,1452868.4,-239557.92500000005,239557.92500000005
2012-05-25,28,0,1151214.41,1480138.0,-328923.5900000001,328923.5900000001
2012-06-01,28,0,1245480.95,1556025.1,-310544.17500000005,310544.17500000005
2012-06-08,28,0,1440687.69,1510481.6,-69793.93500000006,69793.93500000006
2012-06-15,28,0,1229760.97,1511173.6,-281412.655,281412.655
2012-06-22,28,0,1180671.55,1467725.8,-287054.19999999995,287054.19999999995
2012-06-29,28,0,1129031.98,1499256.1,-370224.145,370224.145
2012-07-06,28,0,1500863.54,1538935.5,-38071.95999999996,38071.95999999996
2012-07-13,28,0,1179915.04,1480420.2,-300505.20999999996,300505.20999999996
2012-07-20,28,0,1149427.48,1479865.1,-330437.645,330437.645
2012-07-27,28,0,1135035.09,1414536.0,-279500.9099999999,279500.9099999999
2012-08-03,28,0,1376520.1,1527268.0,-150747.8999999999,150747.8999999999
2012-08-10,28,0,1269113.41,1482132.8,-213019.34000000008,213019.34000000008
2012-08-17,28,0,1184198.41,1466809.9,-282611.4650000001,282611.4650000001
2012-08-24,28,0,1199309.59,1513696.9,-314387.2849999999,314387.2849999999
2012-08-31,28,0,1227118.75,1522398.1,-295279.375,295279.375
2012-09-07,28,1,1469693.99,1515187.1,-45493.13500000001,45493.13500000001
2012-09-14,28,0,1124660.77,1415868.2,-291207.48,291207.48
2012-09-21,28,0,1135340.19,1383527.2,-248187.06000000006,248187.06000000006
2012-09-28,28,0,1129508.61,1376679.5,-247170.8899999999,247170.8899999999
2012-10-05,28,0,1462941.03,1492559.6,-29618.594999999972,29618.594999999972
2012-10-12,28,0,1205536.71,1438915.6,-233378.91500000004,233378.91500000004
2012-10-19,28,0,1143724.48,1454170.0,-310445.52,310445.52
2012-10-26,28,0,1213860.61,1473637.2,-259776.6399999999,259776.6399999999
2012-04-13,29,0,520493.83,625632.7,-105138.85749999998,105138.85749999998
2012-04-20,29,0,525200.59,640804.9,-115604.28500000003,115604.28500000003
2012-04-27,29,0,497250.22,585735.5,-88485.28000000003,88485.28000000003
2012-05-04,29,0,504963.84,644973.56,-140009.72249999997,140009.72249999997
2012-05-11,29,0,529707.87,613521.0,-83813.13,83813.13
2012-05-18,29,0,543706.04,548740.25,-5034.209999999963,5034.209999999963
2012-05-25,29,0,549665.67,584628.3,-34962.64249999996,34962.64249999996
2012-06-01,29,0,576252.35,631475.56,-55223.21250000002,55223.21250000002
2012-06-08,29,0,554093.15,589169.6,-35076.47499999998,35076.47499999998
2012-06-15,29,0,552338.76,594199.1,-41860.36499999999,41860.36499999999
2012-06-22,29,0,581854.5,604916.8,-23062.3125,23062.3125
2012-06-29,29,0,555954.13,613870.44,-57916.307499999995,57916.307499999995
2012-07-06,29,0,578832.41,586396.5,-7564.089999999967,7564.089999999967
2012-07-13,29,0,514709.76,544727.8,-30018.05249999999,30018.05249999999
2012-07-20,29,0,506705.36,534823.9,-28118.515000000014,28118.515000000014
2012-07-27,29,0,475158.24,520852.12,-45693.88500000001,45693.88500000001
2012-08-03,29,0,504754.74,572757.3,-68002.57250000001,68002.57250000001
2012-08-10,29,0,518628.42,546775.7,-28147.267500000016,28147.267500000016
2012-08-17,29,0,416881.66,551120.25,-134238.59000000003,134238.59000000003
2012-08-24,29,0,615026.15,555388.4,59637.77500000002,59637.77500000002
2012-08-31,29,0,545844.91,564038.44,-18193.527499999967,18193.527499999967
2012-09-07,29,1,540811.85,612479.7,-71667.83750000002,71667.83750000002
2012-09-14,29,0,475127.18,518737.47,-43610.28875000001,43610.28875000001
2012-09-21,29,0,489079.23,523103.6,-34024.36375000002,34024.36375000002
2012-09-28,29,0,489674.23,511060.5,-21386.27000000002,21386.27000000002
2012-10-05,29,0,520632.8,605392.25,-84759.45000000001,84759.45000000001
2012-10-12,29,0,513737.0,581794.9,-68057.875,68057.875
2012-10-19,29,0,516909.24,591904.1,-74994.88500000001,74994.88500000001
2012-10-26,29,0,534970.68,571900.06,-36929.38249999995,36929.38249999995
2012-04-13,30,0,428784.7,457321.0,-28536.29999999999,28536.29999999999
2012-04-20,30,0,462909.41,501222.88,-38313.465000000026,38313.465000000026
2012-04-27,30,0,433744.83,475148.6,-41403.763749999984,41403.763749999984
2012-05-04,30,0,454477.54,498640.53,-44162.99125000002,44162.99125000002
2012-05-11,30,0,436070.45,505993.6,-69923.14374999999,69923.14374999999
2012-05-18,30,0,460945.14,497167.44,-36222.297499999986,36222.297499999986
2012-05-25,30,0,449355.91,511461.16,-62105.246250000026,62105.246250000026
2012-06-01,30,0,427021.18,549993.6,-122972.445,122972.445
2012-06-08,30,0,437222.94,530800.3,-93577.3725,93577.3725
2012-06-15,30,0,438523.24,526055.56,-87532.32250000001,87532.32250000001
2012-06-22,30,0,428554.63,498368.53,-69813.90125,69813.90125
2012-06-29,30,0,423192.4,503312.97,-80120.56874999998,80120.56874999998
2012-07-06,30,0,440553.42,468416.03,-27862.611250000016,27862.611250000016
2012-07-13,30,0,417640.34,447811.12,-30170.784999999974,30170.784999999974
2012-07-20,30,0,427491.04,440517.56,-13026.522500000021,13026.522500000021
2012-07-27,30,0,424581.17,429895.16,-5313.986250000016,5313.986250000016
2012-08-03,30,0,425136.55,469189.75,-44053.20000000001,44053.20000000001
2012-08-10,30,0,430878.28,469467.28,-38589.00124999997,38589.00124999997
2012-08-17,30,0,423351.15,470785.62,-47434.47499999998,47434.47499999998
2012-08-24,30,0,425296.65,501313.53,-76016.88124999998,76016.88124999998
2012-08-31,30,0,439132.5,494696.28,-55563.78125,55563.78125
2012-09-07,30,1,433565.77,470811.12,-37245.35499999998,37245.35499999998
2012-09-14,30,0,437773.31,452141.53,-14368.221250000002,14368.221250000002
2012-09-21,30,0,443891.64,552104.2,-108212.54749999999,108212.54749999999
2012-09-28,30,0,425410.04,534476.2,-109066.14750000002,109066.14750000002
2012-10-05,30,0,446751.45,562216.94,-115465.48749999999,115465.48749999999
2012-10-12,30,0,434593.26,510858.72,-76265.45874999999,76265.45874999999
2012-10-19,30,0,437537.29,500942.34,-63405.05375000002,63405.05375000002
2012-10-26,30,0,439424.5,538492.0,-99067.5,99067.5
2012-04-13,31,0,1407842.91,1424576.9,-16733.965000000084,16733.965000000084
2012-04-20,31,0,1407036.59,1460212.6,-53176.034999999916,53176.034999999916
2012-04-27,31,0,1311352.25,1424169.8,-112817.5,112817.5
2012-05-04,31,0,1391257.28,1457363.8,-66106.46999999997,66106.46999999997
2012-05-11,31,0,1392938.06,1473079.0,-80140.93999999994,80140.93999999994
2012-05-18,31,0,1441473.82,1467684.6,-26210.804999999935,26210.804999999935
2012-05-25,31,0,1397094.26,1477118.5,-80024.23999999999,80024.23999999999
2012-06-01,31,0,1404516.29,1519871.1,-115354.83499999996,115354.83499999996
2012-06-08,31,0,1443285.79,1496570.9,-53285.08499999996,53285.08499999996
2012-06-15,31,0,1431003.43,1492724.9,-61721.445000000065,61721.445000000065
2012-06-22,31,0,1394065.76,1465037.6,-70971.86499999999,70971.86499999999
2012-06-29,31,0,1349202.25,1475765.1,-126562.875,126562.875
2012-07-06,31,0,1458059.42,1444132.4,13927.044999999925,13927.044999999925
2012-07-13,31,0,1374301.34,1417010.1,-42708.784999999916,42708.784999999916
2012-07-20,31,0,1392395.2,1411560.5,-19165.300000000047,19165.300000000047
2012-07-27,31,0,1303732.36,1404357.1,-100624.7649999999,100624.7649999999
2012-08-03,31,0,1390174.63,1442181.2,-52006.62000000011,52006.62000000011
2012-08-10,31,0,1386472.59,1445206.0,-58733.409999999916,58733.409999999916
2012-08-17,31,0,1410181.7,1442561.6,-32379.925000000047,32379.925000000047
2012-08-24,31,0,1379783.21,1470430.4,-90647.16500000004,90647.16500000004
2012-08-31,31,0,1373651.49,1464481.4,-90829.88500000001,90829.88500000001
2012-09-07,31,1,1358111.62,1463129.6,-105018.00499999989,105018.00499999989
2012-09-14,31,0,1327705.44,1413610.0,-85904.56000000006,85904.56000000006
2012-09-21,31,0,1373064.87,1506553.0,-133488.1299999999,133488.1299999999
2012-09-28,31,0,1279080.58,1487497.4,-208416.79499999993,208416.79499999993
2012-10-05,31,0,1363365.05,1509061.1,-145696.07499999995,145696.07499999995
2012-10-12,31,0,1401113.42,1466025.1,-64911.705000000075,64911.705000000075
2012-10-19,31,0,1378730.45,1448536.9,-69806.42500000005,69806.42500000005
2012-10-26,31,0,1340232.55,1489022.5,-148789.94999999995,148789.94999999995
2012-04-13,32,0,1171834.47,1190403.5,-18569.030000000028,18569.030000000028
2012-04-20,32,0,1121405.91,1265125.9,-143719.96500000008,143719.96500000008
2012-04-27,32,0,1126962.44,1190290.4,-63327.935000000056,63327.935000000056
2012-05-04,32,0,1187384.53,1242408.1,-55023.59499999997,55023.59499999997
2012-05-11,32,0,1187051.07,1235688.9,-48637.804999999935,48637.804999999935
2012-05-18,32,0,1177539.71,1231234.1,-53694.41500000004,53694.41500000004
2012-05-25,32,0,1232784.22,1247691.8,-14907.530000000028,14907.530000000028
2012-06-01,32,0,1157557.79,1274960.6,-117402.83499999996,117402.83499999996
2012-06-08,32,0,1246322.44,1283659.5,-37337.060000000056,37337.060000000056
2012-06-15,32,0,1234759.54,1295885.4,-61125.83499999996,61125.83499999996
2012-06-22,32,0,1196880.11,1257922.5,-61042.3899999999,61042.3899999999
2012-06-29,32,0,1178211.81,1230850.6,-52638.814999999944,52638.814999999944
2012-07-06,32,0,1214183.97,1265367.5,-51183.53000000003,51183.53000000003
2012-07-13,32,0,1141184.66,1245676.4,-104491.71500000008,104491.71500000008
2012-07-20,32,0,1167829.33,1232001.1,-64171.794999999925,64171.794999999925
2012-07-27,32,0,1144901.52,1218363.4,-73461.85499999998,73461.85499999998
2012-08-03,32,0,1183571.35,1264525.9,-80954.5249999999,80954.5249999999
2012-08-10,32,0,1227469.2,1252728.9,-25259.675000000047,25259.675000000047
2012-08-17,32,0,1261306.37,1259022.5,2283.8700000001118,2283.8700000001118
2012-08-24,32,0,1272809.11,1254643.4,18165.735000000102,18165.735000000102
2012-08-31,32,0,1183979.27,1265340.5,-81361.22999999998,81361.22999999998
2012-09-07,32,1,1126685.95,1269272.2,-142586.30000000005,142586.30000000005
2012-09-14,32,0,1156377.47,1185380.8,-29003.280000000028,29003.280000000028
2012-09-21,32,0,1159119.6,1162392.5,-3272.899999999907,3272.899999999907
2012-09-28,32,0,1157111.15,1168753.8,-11642.600000000093,11642.600000000093
2012-10-05,32,0,1202775.24,1235838.4,-33063.13500000001,33063.13500000001
2012-10-12,32,0,1176681.31,1166158.6,10522.685000000056,10522.685000000056
2012-10-19,32,0,1199292.06,1207819.1,-8527.064999999944,8527.064999999944
2012-10-26,32,0,1219979.29,1217767.8,2211.5400000000373,2211.5400000000373
2012-04-13,33,0,312698.67,743532.0,-430833.33,430833.33
2012-04-20,33,0,261837.2,770760.06,-508922.8625,508922.8625
2012-04-27,33,0,249798.75,742593.94,-492795.1875,492795.1875
2012-05-04,33,0,270497.51,768949.4,-498451.865,498451.865
2012-05-11,33,0,295841.84,750959.0,-455117.16,455117.16
2012-05-18,33,0,276899.95,285561.78,-8661.831249999988,8661.831249999988
2012-05-25,33,0,261851.74,315519.94,-53668.19750000001,53668.19750000001
2012-06-01,33,0,261131.09,366990.6,-105859.50375,105859.50375
2012-06-08,33,0,286082.76,357118.38,-71035.61499999999,71035.61499999999
2012-06-15,33,0,290444.31,335630.75,-45186.44,45186.44
2012-06-22,33,0,261666.29,285383.4,-23717.116249999992,23717.116249999992
2012-06-29,33,0,244338.31,291141.53,-46803.22125,46803.22125
2012-07-06,33,0,273690.37,367464.6,-93774.22375,93774.22375
2012-07-13,33,0,287033.64,329607.25,-42573.609999999986,42573.609999999986
2012-07-20,33,0,253205.89,326469.56,-73263.67249999999,73263.67249999999
2012-07-27,33,0,249134.32,292361.72,-43227.39874999999,43227.39874999999
2012-08-03,33,0,258533.12,368201.06,-109667.9425,109667.9425
2012-08-10,33,0,297753.49,326631.0,-28877.51000000001,28877.51000000001
2012-08-17,33,0,270097.76,319973.25,-49875.48999999999,49875.48999999999
2012-08-24,33,0,247672.56,402754.1,-155081.53375,155081.53375
2012-08-31,33,0,237129.81,329909.25,-92779.44,92779.44
2012-09-07,33,1,286428.78,361576.66,-75147.87624999997,75147.87624999997
2012-09-14,33,0,277417.53,303793.38,-26375.844999999972,26375.844999999972
2012-09-21,33,0,252709.58,293877.12,-41167.54500000001,41167.54500000001
2012-09-28,33,0,242813.51,285042.22,-42228.70874999999,42228.70874999999
2012-10-05,33,0,265444.9,333901.44,-68456.53749999998,68456.53749999998
2012-10-12,33,0,291781.15,725627.25,-433846.1,433846.1
2012-10-19,33,0,254412.34,730978.8,-476566.47250000003,476566.47250000003
2012-10-26,33,0,253731.13,731626.44,-477895.3075,477895.3075
2012-04-13,34,0,987353.65,995748.2,-8394.537499999977,8394.537499999977
2012-04-20,34,0,977628.78,1035435.0,-57806.21999999997,57806.21999999997
2012-04-27,34,0,940299.87,972323.9,-32024.005000000005,32024.005000000005
2012-05-04,34,0,991104.4,1020365.6,-29261.224999999977,29261.224999999977
2012-05-11,34,0,949625.52,1005013.9,-55388.35499999998,55388.35499999998
2012-05-18,34,0,998672.85,979251.9,19420.974999999977,19420.974999999977
2012-05-25,34,0,1015737.61,1015177.75,559.859999999986,559.859999999986
2012-06-01,34,0,977062.44,1034127.5,-57065.060000000056,57065.060000000056
2012-06-08,34,0,999511.29,1017406.94,-17895.647499999963,17895.647499999963
2012-06-15,34,0,982345.51,1013082.44,-30736.92749999999,30736.92749999999
2012-06-22,34,0,1000285.1,989574.8,10710.287499999977,10710.287499999977
2012-06-29,34,0,942970.63,978217.8,-35247.182499999995,35247.182499999995
2012-07-06,34,0,1007867.68,784825.8,223041.86750000005,223041.86750000005
2012-07-13,34,0,954677.75,747350.25,207327.5,207327.5
2012-07-20,34,0,950929.59,733951.7,216977.90249999997,216977.90249999997
2012-07-27,34,0,917883.79,729276.8,188606.97750000004,188606.97750000004
2012-08-03,34,0,973250.41,771662.8,201587.59750000003,201587.59750000003
2012-08-10,34,0,1004523.59,757599.25,246924.33999999997,246924.33999999997
2012-08-17,34,0,1013820.86,759189.94,254630.9225,254630.9225
2012-08-24,34,0,926250.21,769813.94,156436.27249999996,156436.27249999996
2012-08-31,34,0,933487.71,763995.0,169492.70999999996,169492.70999999996
2012-09-07,34,1,976415.56,760909.2,215506.37250000006,215506.37250000006
2012-09-14,34,0,955211.7,722926.75,232284.94999999995,232284.94999999995
2012-09-21,34,0,943047.78,704717.1,238330.65500000003,238330.65500000003
2012-09-28,34,0,928629.31,693728.8,234900.49750000006,234900.49750000006
2012-10-05,34,0,968896.68,789076.2,179820.49250000005,179820.49250000005
2012-10-12,34,0,948613.39,969573.8,-20960.422499999986,20960.422499999986
2012-10-19,34,0,963516.28,976232.1,-12715.844999999972,12715.844999999972
2012-10-26,34,0,956987.81,978417.25,-21429.439999999944,21429.439999999944
2012-04-13,35,0,788633.42,810662.1,-22028.704999999958,22028.704999999958
2012-04-20,35,0,794660.24,842617.2,-47956.94750000001,47956.94750000001
2012-04-27,35,0,721212.45,784698.3,-63485.86250000005,63485.86250000005
2012-05-04,35,0,772036.6,835889.8,-63853.21250000002,63853.21250000002
2012-05-11,35,0,802383.63,815958.94,-13575.307499999995,13575.307499999995
2012-05-18,35,0,819196.68,815350.75,3845.930000000051,3845.930000000051
2012-05-25,35,0,822167.17,829844.94,-7677.767499999958,7677.767499999958
2012-06-01,35,0,932195.52,893835.94,38359.58250000002,38359.58250000002
2012-06-08,35,0,873415.01,847292.8,26122.19750000001,26122.19750000001
2012-06-15,35,0,848289.41,865583.6,-17294.214999999967,17294.214999999967
2012-06-22,35,0,911696.0,863791.5,47904.5,47904.5
2012-06-29,35,0,892133.41,868949.94,23183.472500000033,23183.472500000033
2012-07-06,35,0,985479.64,861539.1,123940.51500000001,123940.51500000001
2012-07-13,35,0,825763.48,819184.44,6579.042499999981,6579.042499999981
2012-07-20,35,0,841224.74,814621.25,26603.48999999999,26603.48999999999
2012-07-27,35,0,808030.15,807399.06,631.0875000000233,631.0875000000233
2012-08-03,35,0,866216.36,852595.6,13620.734999999986,13620.734999999986
2012-08-10,35,0,888368.8,832049.06,56319.73750000005,56319.73750000005
2012-08-17,35,0,887979.47,823148.06,64831.40749999997,64831.40749999997
2012-08-24,35,0,895274.72,845926.7,49348.03249999997,49348.03249999997
2012-08-31,35,0,931278.97,847430.8,83848.15749999997,83848.15749999997
2012-09-07,35,1,984833.35,858269.94,126563.41249999998,126563.41249999998
2012-09-14,35,0,821568.64,743982.5,77586.14000000001,77586.14000000001
2012-09-21,35,0,772302.94,733248.94,39054.002499999944,39054.002499999944
2012-09-28,35,0,814099.86,735380.3,78719.54749999999,78719.54749999999
2012-10-05,35,0,866064.4,795882.06,70182.33750000002,70182.33750000002
2012-10-12,35,0,873643.14,796194.8,77448.32750000001,77448.32750000001
2012-10-19,35,0,829284.67,795942.3,33342.35750000004,33342.35750000004
2012-10-26,35,0,865137.6,792088.3,73049.28749999998,73049.28749999998
2012-04-13,36,0,339407.94,368103.56,-28695.622499999998,28695.622499999998
2012-04-20,36,0,323915.32,389611.34,-65696.02375,65696.02375
2012-04-27,36,0,308389.82,350540.62,-42150.80499999999,42150.80499999999
2012-05-04,36,0,312467.52,384853.34,-72385.82374999998,72385.82374999998
2012-05-11,36,0,330518.34,385436.56,-54918.222499999974,54918.222499999974
2012-05-18,36,0,324801.13,391947.4,-67146.27625,67146.27625
2012-05-25,36,0,306098.17,400483.56,-94385.39250000002,94385.39250000002
2012-06-01,36,0,306005.53,433114.7,-127109.15749999997,127109.15749999997
2012-06-08,36,0,338273.38,412175.5,-73902.12,73902.12
2012-06-15,36,0,333146.88,406233.38,-73086.495,73086.495
2012-06-22,36,0,306411.01,392668.53,-86257.52124999999,86257.52124999999
2012-06-29,36,0,291530.43,390358.1,-98827.66375,98827.66375
2012-07-06,36,0,306578.89,334485.47,-27906.578749999986,27906.578749999986
2012-07-13,36,0,298337.41,312519.8,-14182.402500000026,14182.402500000026
2012-07-20,36,0,303289.55,298403.06,4886.487499999988,4886.487499999988
2012-07-27,36,0,279643.43,286168.6,-6525.163750000007,6525.163750000007
2012-08-03,36,0,304989.97,335479.44,-30489.467500000028,30489.467500000028
2012-08-10,36,0,298947.51,325015.9,-26068.39624999999,26068.39624999999
2012-08-17,36,0,314607.22,327098.7,-12491.467500000028,12491.467500000028
2012-08-24,36,0,282545.55,328948.78,-46403.23125000001,46403.23125000001
2012-08-31,36,0,282647.48,324187.62,-41540.14500000002,41540.14500000002
2012-09-07,36,1,293728.57,304534.34,-10805.773749999993,10805.773749999993
2012-09-14,36,0,301893.63,356840.16,-54946.526249999995,54946.526249999995
2012-09-21,36,0,293804.45,355803.2,-61998.73749999999,61998.73749999999
2012-09-28,36,0,270677.98,344721.88,-74043.89500000002,74043.89500000002
2012-10-05,36,0,277137.86,402819.62,-125681.76500000001,125681.76500000001
2012-10-12,36,0,300236.85,376194.97,-75958.11875000002,75958.11875000002
2012-10-19,36,0,287360.05,377557.56,-90197.51250000001,90197.51250000001
2012-10-26,36,0,272489.41,371061.1,-98571.68375000003,98571.68375000003
2012-04-13,37,0,506973.17,575177.4,-68204.20500000002,68204.20500000002
2012-04-20,37,0,523483.19,587882.75,-64399.56,64399.56
2012-04-27,37,0,528807.45,553266.2,-24458.737500000047,24458.737500000047
2012-05-04,37,0,535311.64,573422.8,-38111.172499999986,38111.172499999986
2012-05-11,37,0,527983.04,580500.44,-52517.39749999996,52517.39749999996
2012-05-18,37,0,534847.96,578458.1,-43610.16500000004,43610.16500000004
2012-05-25,37,0,540625.79,586640.7,-46014.89749999996,46014.89749999996
2012-06-01,37,0,531811.85,621756.8,-89944.96250000002,89944.96250000002
2012-06-08,37,0,528940.78,598556.0,-69615.21999999997,69615.21999999997
2012-06-15,37,0,508573.16,593783.94,-85210.77750000003,85210.77750000003
2012-06-22,37,0,484032.75,581746.5,-97713.75,97713.75
2012-06-29,37,0,508309.81,576975.8,-68666.0025,68666.0025
2012-07-06,37,0,519498.32,522036.22,-2537.898749999993,2537.898749999993
2012-07-13,37,0,506005.47,500997.5,5007.969999999972,5007.969999999972
2012-07-20,37,0,503744.56,488158.94,15585.622499999998,15585.622499999998
2012-07-27,37,0,514489.17,474909.75,39579.419999999984,39579.419999999984
2012-08-03,37,0,521959.28,528652.2,-6692.907499999972,6692.907499999972
2012-08-10,37,0,500964.59,528830.06,-27865.472499999974,27865.472499999974
2012-08-17,37,0,509633.71,515839.84,-6206.133749999979,6206.133749999979
2012-08-24,37,0,522665.04,524605.56,-1940.522500000021,1940.522500000021
2012-08-31,37,0,538344.1,518635.6,19708.506249999977,19708.506249999977
2012-09-07,37,1,526838.14,497420.9,29417.233750000014,29417.233750000014
2012-09-14,37,0,514651.74,550669.06,-36017.32250000001,36017.32250000001
2012-09-21,37,0,521320.98,540579.2,-19258.20750000002,19258.20750000002
2012-09-28,37,0,527953.14,538856.2,-10903.047499999986,10903.047499999986
2012-10-05,37,0,546122.37,588282.94,-42160.567500000005,42160.567500000005
2012-10-12,37,0,521810.75,563476.25,-41665.5,41665.5
2012-10-19,37,0,551969.1,562011.8,-10042.712500000023,10042.712500000023
2012-10-26,37,0,534738.43,544394.75,-9656.319999999949,9656.319999999949
2012-04-13,38,0,435790.74,813120.5,-377329.76,377329.76
2012-04-20,38,0,401615.8,841071.44,-439455.6375,439455.6375
2012-04-27,38,0,419964.77,784206.94,-364242.1675,364242.1675
2012-05-04,38,0,491755.69,831393.1,-339637.435,339637.435
2012-05-11,38,0,429914.6,796717.44,-366802.8375,366802.8375
2012-05-18,38,0,412314.71,447876.25,-35561.53999999998,35561.53999999998
2012-05-25,38,0,422810.12,462378.34,-39568.223750000005,39568.223750000005
2012-06-01,38,0,435579.7,523472.34,-87892.64374999999,87892.64374999999
2012-06-08,38,0,448110.25,499082.25,-50972.0,50972.0
2012-06-15,38,0,430222.07,497313.44,-67091.3675,67091.3675
2012-06-22,38,0,405938.35,455691.8,-49753.46250000002,49753.46250000002
2012-06-29,38,0,404634.36,478385.94,-73751.57750000001,73751.57750000001
2012-07-06,38,0,471086.22,506425.25,-35339.03000000003,35339.03000000003
2012-07-13,38,0,416036.75,473828.75,-57792.0,57792.0
2012-07-20,38,0,441683.74,467033.9,-25350.16625000001,25350.16625000001
2012-07-27,38,0,407186.47,447373.94,-40187.46750000003,40187.46750000003
2012-08-03,38,0,469311.17,516914.8,-47603.642500000016,47603.642500000016
2012-08-10,38,0,436690.13,488160.4,-51470.276249999995,51470.276249999995
2012-08-17,38,0,411866.46,467689.4,-55822.94624999998,55822.94624999998
2012-08-24,38,0,397428.22,507480.25,-110052.03000000003,110052.03000000003
2012-08-31,38,0,424904.95,514834.1,-89929.14374999999,89929.14374999999
2012-09-07,38,1,490274.82,507738.44,-17463.617499999993,17463.617499999993
2012-09-14,38,0,430944.39,442812.1,-11867.703749999986,11867.703749999986
2012-09-21,38,0,409600.98,431251.34,-21650.36375000002,21650.36375000002
2012-09-28,38,0,398468.08,417393.75,-18925.669999999984,18925.669999999984
2012-10-05,38,0,458479.01,487861.34,-29382.33374999999,29382.33374999999
2012-10-12,38,0,437320.66,814732.1,-377411.465,377411.465
2012-10-19,38,0,428806.46,828799.44,-399992.9775,399992.9775
2012-10-26,38,0,417290.38,830021.5,-412731.12,412731.12
2012-04-13,39,0,1580732.73,1597946.0,-17213.27000000002,17213.27000000002
2012-04-20,39,0,1433391.04,1602844.6,-169453.58499999996,169453.58499999996
2012-04-27,39,0,1456997.2,1534646.1,-77648.92500000005,77648.92500000005
2012-05-04,39,0,1512227.34,1563297.2,-51069.909999999916,51069.909999999916
2012-05-11,39,0,1470792.41,1575339.6,-104547.21500000008,104547.21500000008
2012-05-18,39,0,1522978.54,1574210.1,-51231.58499999996,51231.58499999996
2012-05-25,39,0,1596036.66,1584114.6,11922.034999999916,11922.034999999916
2012-06-01,39,0,1640476.77,1629343.0,11133.770000000019,11133.770000000019
2012-06-08,39,0,1623442.24,1587089.4,36352.86499999999,36352.86499999999
2012-06-15,39,0,1587499.82,1586219.1,1280.6950000000652,1280.6950000000652
2012-06-22,39,0,1532316.79,1571727.5,-39410.70999999996,39410.70999999996
2012-06-29,39,0,1492388.98,1568914.2,-76525.27000000002,76525.27000000002
2012-07-06,39,0,1659221.99,1548446.8,110775.23999999999,110775.23999999999
2012-07-13,39,0,1471261.76,1487442.1,-16180.36499999999,16180.36499999999
2012-07-20,39,0,1582168.27,1481244.4,100923.89500000002,100923.89500000002
2012-07-27,39,0,1487797.54,1464831.0,22966.540000000037,22966.540000000037
2012-08-03,39,0,1608277.74,1523554.8,84722.98999999999,84722.98999999999
2012-08-10,39,0,1641867.92,1527939.8,113928.16999999993,113928.16999999993
2012-08-17,39,0,1720221.91,1518209.9,202012.03499999992,202012.03499999992
2012-08-24,39,0,1724669.75,1524556.0,200113.75,200113.75
2012-08-31,39,0,1710923.94,1508614.8,202309.18999999994,202309.18999999994
2012-09-07,39,1,1609811.75,1487800.9,122010.875,122010.875
2012-09-14,39,0,1447614.08,1525639.6,-78025.54499999993,78025.54499999993
2012-09-21,39,0,1555672.51,1527656.4,28016.13500000001,28016.13500000001
2012-09-28,39,0,1495607.07,1508059.9,-12452.804999999935,12452.804999999935
2012-10-05,39,0,1574408.67,1536993.6,37415.044999999925,37415.044999999925
2012-10-12,39,0,1494417.07,1505984.4,-11567.304999999935,11567.304999999935
2012-10-19,39,0,1577486.33,1518034.5,59451.830000000075,59451.830000000075
2012-10-26,39,0,1569502.0,1516197.1,53304.875,53304.875
2012-04-13,40,0,857811.17,1042347.2,-184536.01749999996,184536.01749999996
2012-04-20,40,0,896979.93,1064704.1,-167724.19499999995,167724.19499999995
2012-04-27,40,0,875372.91,977074.75,-101701.83999999997,101701.83999999997
2012-05-04,40,0,993311.59,1057526.1,-64214.53500000003,64214.53500000003
2012-05-11,40,0,967729.35,1001527.3,-33797.96250000002,33797.96250000002
2012-05-18,40,0,896295.41,975581.25,-79285.83999999997,79285.83999999997
2012-05-25,40,0,991054.49,1028271.9,-37217.38500000001,37217.38500000001
2012-06-01,40,0,1037464.27,1054621.8,-17157.47999999998,17157.47999999998
2012-06-08,40,0,1079386.88,997120.25,82266.62999999989,82266.62999999989
2012-06-15,40,0,977950.28,1031676.3,-53726.03249999997,53726.03249999997
2012-06-22,40,0,1033552.18,1030995.6,2556.555000000051,2556.555000000051
2012-06-29,40,0,988764.84,1025031.06,-36266.22250000003,36266.22250000003
2012-07-06,40,0,1182901.56,1043783.4,139118.18500000006,139118.18500000006
2012-07-13,40,0,979848.71,1002741.75,-22893.040000000037,22893.040000000037
2012-07-20,40,0,968502.38,989651.25,-21148.869999999995,21148.869999999995
2012-07-27,40,0,954396.85,980750.3,-26353.462500000023,26353.462500000023
2012-08-03,40,0,1068346.76,1034093.2,34253.57250000001,34253.57250000001
2012-08-10,40,0,1007906.43,1007589.25,317.1800000000512,317.1800000000512
2012-08-17,40,0,969387.48,1010968.44,-41580.95750000002,41580.95750000002
2012-08-24,40,0,945318.47,1007736.6,-62418.15500000003,62418.15500000003
2012-08-31,40,0,987264.67,1030657.94,-43393.26749999996,43393.26749999996
2012-09-07,40,1,1088248.4,1076039.2,12209.149999999907,12209.149999999907
2012-09-14,40,0,901709.82,992769.75,-91059.93000000005,91059.93000000005
2012-09-21,40,0,899768.4,973575.44,-73807.03749999998,73807.03749999998
2012-09-28,40,0,919595.44,967724.25,-48128.810000000056,48128.810000000056
2012-10-05,40,0,1069112.0,1026129.75,42982.25,42982.25
2012-10-12,40,0,982523.26,997960.44,-15437.17749999999,15437.17749999999
2012-10-19,40,0,918170.5,1014487.3,-96316.8125,96316.8125
2012-10-26,40,0,921264.52,1029414.3,-108149.79249999998,108149.79249999998
2012-04-13,41,0,1323004.73,1229967.1,93037.60499999998,93037.60499999998
2012-04-20,41,0,1220815.33,1276199.5,-55384.169999999925,55384.169999999925
2012-04-27,41,0,1248950.65,1249730.0,-779.3500000000931,779.3500000000931
2012-05-04,41,0,1359770.73,1303023.2,56747.47999999998,56747.47999999998
2012-05-11,41,0,1353285.1,1299515.1,53769.97500000009,53769.97500000009
2012-05-18,41,0,1331514.44,1274398.1,57116.314999999944,57116.314999999944
2012-05-25,41,0,1424500.47,1287057.2,137443.21999999997,137443.21999999997
2012-06-01,41,0,1374891.36,1303464.1,71427.2350000001,71427.2350000001
2012-06-08,41,0,1436383.84,1299785.6,136598.21500000008,136598.21500000008
2012-06-15,41,0,1384584.59,1308615.8,75968.84000000008,75968.84000000008
2012-06-22,41,0,1386407.17,1286361.4,100045.79499999993,100045.79499999993
2012-06-29,41,0,1355600.01,1274471.4,81128.63500000001,81128.63500000001
2012-07-06,41,0,1456300.89,1268276.4,188024.5149999999,188024.5149999999
2012-07-13,41,0,1332594.07,1238319.2,94274.82000000007,94274.82000000007
2012-07-20,41,0,1347175.93,1233440.4,113735.55499999993,113735.55499999993
2012-07-27,41,0,1344723.97,1215756.5,128967.46999999997,128967.46999999997
2012-08-03,41,0,1439607.35,1264559.9,175047.4750000001,175047.4750000001
2012-08-10,41,0,1504545.94,1252653.1,251892.81499999994,251892.81499999994
2012-08-17,41,0,1560590.05,1260689.9,299900.17500000005,299900.17500000005
2012-08-24,41,0,1464462.85,1256078.0,208384.8500000001,208384.8500000001
2012-08-31,41,0,1360517.52,1262895.1,97622.39500000002,97622.39500000002
2012-09-07,41,1,1392143.82,1262664.9,129478.94500000007,129478.94500000007
2012-09-14,41,0,1306644.25,1227928.2,78716.0,78716.0
2012-09-21,41,0,1276609.36,1197938.2,78671.1100000001,78671.1100000001
2012-09-28,41,0,1307928.01,1204523.6,103404.38500000001,103404.38500000001
2012-10-05,41,0,1400160.95,1234326.5,165834.44999999995,165834.44999999995
2012-10-12,41,0,1409544.97,1173318.8,236226.21999999997,236226.21999999997
2012-10-19,41,0,1326197.24,1219270.8,106926.48999999999,106926.48999999999
2012-10-26,41,0,1316542.59,1195597.0,120945.59000000008,120945.59000000008
2012-04-13,42,0,639123.45,799515.4,-160391.92500000005,160391.92500000005
2012-04-20,42,0,552529.23,822703.9,-270174.645,270174.645
2012-04-27,42,0,526625.49,797244.6,-270619.135,270619.135
2012-05-04,42,0,609274.89,832144.1,-222869.235,222869.235
2012-05-11,42,0,643603.69,822150.1,-178546.43500000006,178546.43500000006
2012-05-18,42,0,590636.38,621653.06,-31016.682499999995,31016.682499999995
2012-05-25,42,0,535764.58,649981.44,-114216.85750000004,114216.85750000004
2012-06-01,42,0,521953.78,727299.25,-205345.46999999997,205345.46999999997
2012-06-08,42,0,642671.48,701320.75,-58649.27000000002,58649.27000000002
2012-06-15,42,0,606309.13,699952.94,-93643.8075,93643.8075
2012-06-22,42,0,540031.29,645832.5,-105801.20999999996,105801.20999999996
2012-06-29,42,0,507403.77,619227.56,-111823.79249999998,111823.79249999998
2012-07-06,42,0,618702.09,708774.3,-90072.22250000003,90072.22250000003
2012-07-13,42,0,628099.08,680579.3,-52480.23250000004,52480.23250000004
2012-07-20,42,0,530318.39,667507.6,-137189.235,137189.235
2012-07-27,42,0,516352.21,638492.4,-122140.16499999998,122140.16499999998
2012-08-03,42,0,573084.71,714522.3,-141437.60250000004,141437.60250000004
2012-08-10,42,0,576620.31,673743.44,-97123.12749999994,97123.12749999994
2012-08-17,42,0,575997.78,677074.2,-101076.40749999997,101076.40749999997
2012-08-24,42,0,535537.03,735039.44,-199502.40749999997,199502.40749999997
2012-08-31,42,0,504760.57,682720.94,-177960.3675,177960.3675
2012-09-07,42,1,617405.35,732488.3,-115082.96250000002,115082.96250000002
2012-09-14,42,0,586737.66,636781.8,-50044.15249999997,50044.15249999997
2012-09-21,42,0,527165.7,630258.3,-103092.61250000005,103092.61250000005
2012-09-28,42,0,505978.46,621462.06,-115483.60249999998,115483.60249999998
2012-10-05,42,0,593162.53,676245.5,-83082.96999999997,83082.96999999997
2012-10-12,42,0,612379.9,799854.94,-187475.03749999998,187475.03749999998
2012-10-19,42,0,541406.98,797357.25,-255950.27000000002,255950.27000000002
2012-10-26,42,0,514756.08,792779.6,-278023.545,278023.545
2012-04-13,43,0,665687.92,654435.4,11252.545000000042,11252.545000000042
2012-04-20,43,0,638144.98,679432.8,-41287.83250000002,41287.83250000002
2012-04-27,43,0,593138.59,630999.8,-37861.22250000003,37861.22250000003
2012-05-04,43,0,637964.2,657870.4,-19906.175000000047,19906.175000000047
2012-05-11,43,0,640159.04,652193.25,-12034.209999999963,12034.209999999963
2012-05-18,43,0,648541.81,660883.94,-12342.127499999944,12342.127499999944
2012-05-25,43,0,597406.39,668871.2,-71464.79749999999,71464.79749999999
2012-06-01,43,0,605078.62,697903.1,-92824.505,92824.505
2012-06-08,43,0,643032.51,685048.44,-42015.92749999999,42015.92749999999
2012-06-15,43,0,634815.1,683109.25,-48294.15000000002,48294.15000000002
2012-06-22,43,0,613270.79,652719.4,-39448.58499999996,39448.58499999996
2012-06-29,43,0,593128.13,660429.25,-67301.12,67301.12
2012-07-06,43,0,645618.59,693699.25,-48080.66000000003,48080.66000000003
2012-07-13,43,0,627634.04,667474.1,-39840.08499999996,39840.08499999996
2012-07-20,43,0,596554.05,658909.44,-62355.38749999995,62355.38749999995
2012-07-27,43,0,572447.52,648770.5,-76322.97999999998,76322.97999999998
2012-08-03,43,0,614378.94,699782.1,-85403.18500000006,85403.18500000006
2012-08-10,43,0,643558.78,702534.44,-58975.65749999997,58975.65749999997
2012-08-17,43,0,640210.85,691677.7,-51466.83750000002,51466.83750000002
2012-08-24,43,0,598234.64,681495.3,-83260.67249999999,83260.67249999999
2012-08-31,43,0,593141.29,696761.7,-103620.39749999996,103620.39749999996
2012-09-07,43,1,663814.18,709654.9,-45840.69499999995,45840.69499999995
2012-09-14,43,0,625196.94,670718.5,-45521.560000000056,45521.560000000056
2012-09-21,43,0,601990.02,649071.3,-47081.29249999998,47081.29249999998
2012-09-28,43,0,577792.32,652229.75,-74437.43000000005,74437.43000000005
2012-10-05,43,0,642614.89,773109.5,-130494.60999999999,130494.60999999999
2012-10-12,43,0,619369.72,744370.8,-125001.09250000003,125001.09250000003
2012-10-19,43,0,623919.23,747112.9,-123193.64500000002,123193.64500000002
2012-10-26,43,0,587603.55,732504.94,-144901.38749999995,144901.38749999995
2012-04-13,44,0,311390.22,601796.44,-290406.2175,290406.2175
2012-04-20,44,0,323233.8,639637.8,-316404.0125,316404.0125
2012-04-27,44,0,330338.36,608603.1,-278264.765,278264.765
2012-05-04,44,0,326053.28,623200.56,-297147.2825,297147.2825
2012-05-11,44,0,341381.08,607154.3,-265773.2325,265773.2325
2012-05-18,44,0,334042.43,359947.38,-25904.945000000007,25904.945000000007
2012-05-25,44,0,343268.29,369448.5,-26180.21000000002,26180.21000000002
2012-06-01,44,0,323410.94,375098.12,-51687.185,51687.185
2012-06-08,44,0,340238.38,401816.22,-61577.838749999995,61577.838749999995
2012-06-15,44,0,338400.82,398110.0,-59709.17999999999,59709.17999999999
2012-06-22,44,0,336241.0,383824.4,-47583.40625,47583.40625
2012-06-29,44,0,338386.08,396158.34,-57772.263749999984,57772.263749999984
2012-07-06,44,0,358461.58,425287.28,-66825.70124999998,66825.70124999998
2012-07-13,44,0,336479.49,377504.47,-41024.97875000001,41024.97875000001
2012-07-20,44,0,337819.16,368137.1,-30317.933750000026,30317.933750000026
2012-07-27,44,0,319855.26,368287.7,-48432.42749999999,48432.42749999999
2012-08-03,44,0,342385.38,411491.3,-69105.9325,69105.9325
2012-08-10,44,0,333594.81,390397.22,-56802.40875,56802.40875
2012-08-17,44,0,327389.51,400870.1,-73480.58374999999,73480.58374999999
2012-08-24,44,0,337985.74,389399.25,-51413.51000000001,51413.51000000001
2012-08-31,44,0,339490.69,394230.12,-54739.435,54739.435
2012-09-07,44,1,338737.33,387345.88,-48608.544999999984,48608.544999999984
2012-09-14,44,0,347726.67,322250.7,25475.982499999984,25475.982499999984
2012-09-21,44,0,336017.6,314036.97,21980.631249999977,21980.631249999977
2012-09-28,44,0,355307.94,310431.38,44876.565,44876.565
2012-10-05,44,0,337390.44,370885.0,-33494.56,33494.56
2012-10-12,44,0,337796.13,624410.7,-286614.5575,286614.5575
2012-10-19,44,0,323766.77,620238.75,-296471.98,296471.98
2012-10-26,44,0,361067.07,585034.1,-223967.055,223967.055
2012-04-13,45,0,781970.6,809412.06,-27441.462500000023,27441.462500000023
2012-04-20,45,0,776661.74,836279.0,-59617.26000000001,59617.26000000001
2012-04-27,45,0,711571.88,777926.8,-66354.9325,66354.9325
2012-05-04,45,0,782300.68,820019.8,-37719.13249999995,37719.13249999995
2012-05-11,45,0,770487.37,774576.5,-4089.1300000000047,4089.1300000000047
2012-05-18,45,0,800842.28,766908.56,33933.71750000003,33933.71750000003
2012-05-25,45,0,817741.17,781909.5,35831.67000000004,35831.67000000004
2012-06-01,45,0,837144.63,825666.56,11478.067500000005,11478.067500000005
2012-06-08,45,0,795133.0,775697.75,19435.25,19435.25
2012-06-15,45,0,821498.18,812857.3,8640.867500000051,8640.867500000051
2012-06-22,45,0,822569.16,793528.6,29040.535000000033,29040.535000000033
2012-06-29,45,0,773367.71,790219.4,-16851.665000000037,16851.665000000037
2012-07-06,45,0,843361.1,778125.5,65235.59999999998,65235.59999999998
2012-07-13,45,0,749817.08,743199.25,6617.829999999958,6617.829999999958
2012-07-20,45,0,737613.65,739640.9,-2027.2249999999767,2027.2249999999767
2012-07-27,45,0,711671.58,723459.0,-11787.420000000042,11787.420000000042
2012-08-03,45,0,725729.51,773433.94,-47704.42749999999,47704.42749999999
2012-08-10,45,0,733037.32,757170.75,-24133.43000000005,24133.43000000005
2012-08-17,45,0,722496.93,754141.06,-31644.13249999995,31644.13249999995
2012-08-24,45,0,718232.26,768519.8,-50287.55249999999,50287.55249999999
2012-08-31,45,0,734297.87,771137.44,-36839.567500000005,36839.567500000005
2012-09-07,45,1,766512.66,803956.1,-37443.46499999997,37443.46499999997
2012-09-14,45,0,702238.27,721826.7,-19588.41749999998,19588.41749999998
2012-09-21,45,0,723086.2,712505.3,10580.887499999953,10580.887499999953
2012-09-28,45,0,713173.95,721859.7,-8685.737500000047,8685.737500000047
2012-10-05,45,0,733455.07,772361.44,-38906.36750000005,38906.36750000005
2012-10-12,45,0,734464.36,782426.0,-47961.640000000014,47961.640000000014
2012-10-19,45,0,718125.53,768174.75,-50049.21999999997,50049.21999999997
2012-10-26,45,0,760281.43,754314.56,5966.867500000051,5966.867500000051
